# ESPECTRO IDEAL (MCNP, sin GEB)
# NPS = 1.000e+08   Cs-137 @ 661.66 keV
# Detector NaI(Tl) 3"x3", d = 1.0 cm
# Columna 1: energia depositada (MeV)
# Columna 2: cuentas por foton emitido (F8 normalizado)
# 4097 bins
# E_MeV            counts_per_history
  0.000000e+00    0.000000e+00
  1.000000e-05    1.473200e-01
  3.763000e-04    3.216000e-05
  7.426000e-04    4.645000e-05
  1.108900e-03    5.236000e-05
  1.475200e-03    5.513000e-05
  1.841500e-03    5.739000e-05
  2.207800e-03    5.979000e-05
  2.574100e-03    6.052000e-05
  2.940400e-03    6.263000e-05
  3.306700e-03    6.213000e-05
  3.673000e-03    6.377000e-05
  4.039300e-03    6.454000e-05
  4.405600e-03    6.647000e-05
  4.771900e-03    6.603000e-05
  5.138200e-03    6.629000e-05
  5.504500e-03    6.780000e-05
  5.870800e-03    6.707000e-05
  6.237100e-03    6.611000e-05
  6.603400e-03    7.051000e-05
  6.969700e-03    7.000000e-05
  7.336000e-03    6.764000e-05
  7.702300e-03    6.824000e-05
  8.068600e-03    6.848000e-05
  8.434900e-03    6.953000e-05
  8.801200e-03    6.999000e-05
  9.167400e-03    6.960000e-05
  9.533700e-03    7.060000e-05
  9.900000e-03    7.125000e-05
  1.026600e-02    7.082000e-05
  1.063300e-02    6.948000e-05
  1.099900e-02    7.060000e-05
  1.136500e-02    6.981000e-05
  1.173200e-02    6.953000e-05
  1.209800e-02    7.009000e-05
  1.246400e-02    7.005000e-05
  1.283000e-02    6.888000e-05
  1.319700e-02    7.219000e-05
  1.356300e-02    6.988000e-05
  1.392900e-02    7.094000e-05
  1.429600e-02    7.152000e-05
  1.466200e-02    7.142000e-05
  1.502800e-02    7.120000e-05
  1.539500e-02    7.198000e-05
  1.576100e-02    7.167000e-05
  1.612700e-02    7.221000e-05
  1.649300e-02    7.152000e-05
  1.686000e-02    7.180000e-05
  1.722600e-02    7.133000e-05
  1.759200e-02    7.133000e-05
  1.795900e-02    7.160000e-05
  1.832500e-02    7.145000e-05
  1.869100e-02    7.081000e-05
  1.905700e-02    7.108000e-05
  1.942400e-02    7.178000e-05
  1.979000e-02    7.346000e-05
  2.015600e-02    7.032000e-05
  2.052300e-02    7.248000e-05
  2.088900e-02    7.262000e-05
  2.125500e-02    7.245000e-05
  2.162200e-02    7.018000e-05
  2.198800e-02    7.070000e-05
  2.235400e-02    7.234000e-05
  2.272000e-02    6.920000e-05
  2.308700e-02    7.163000e-05
  2.345300e-02    7.265000e-05
  2.381900e-02    7.253000e-05
  2.418600e-02    7.215000e-05
  2.455200e-02    7.190000e-05
  2.491800e-02    7.132000e-05
  2.528500e-02    7.179000e-05
  2.565100e-02    7.223000e-05
  2.601700e-02    7.080000e-05
  2.638300e-02    7.094000e-05
  2.675000e-02    7.085000e-05
  2.711600e-02    7.156000e-05
  2.748200e-02    7.146000e-05
  2.784900e-02    7.195000e-05
  2.821500e-02    7.173000e-05
  2.858100e-02    7.240000e-05
  2.894800e-02    7.331000e-05
  2.931400e-02    7.256000e-05
  2.968000e-02    7.335000e-05
  3.004600e-02    7.096000e-05
  3.041300e-02    7.334000e-05
  3.077900e-02    1.020300e-04
  3.114500e-02    1.259200e-04
  3.151200e-02    7.239000e-05
  3.187800e-02    7.279000e-05
  3.224400e-02    7.129000e-05
  3.261100e-02    7.246000e-05
  3.297700e-02    7.205000e-05
  3.334300e-02    7.141000e-05
  3.370900e-02    7.099000e-05
  3.407600e-02    7.131000e-05
  3.444200e-02    7.172000e-05
  3.480800e-02    7.251000e-05
  3.517500e-02    8.533000e-05
  3.554100e-02    7.194000e-05
  3.590700e-02    7.577000e-05
  3.627300e-02    7.113000e-05
  3.664000e-02    7.189000e-05
  3.700600e-02    7.407000e-05
  3.737200e-02    7.238000e-05
  3.773900e-02    7.461000e-05
  3.810500e-02    7.334000e-05
  3.847100e-02    7.256000e-05
  3.883800e-02    7.326000e-05
  3.920400e-02    7.282000e-05
  3.957000e-02    7.392000e-05
  3.993600e-02    7.113000e-05
  4.030300e-02    7.290000e-05
  4.066900e-02    7.306000e-05
  4.103500e-02    7.693000e-05
  4.140200e-02    7.402000e-05
  4.176800e-02    7.304000e-05
  4.213400e-02    7.225000e-05
  4.250100e-02    7.475000e-05
  4.286700e-02    7.202000e-05
  4.323300e-02    7.945000e-05
  4.359900e-02    7.221000e-05
  4.396600e-02    7.207000e-05
  4.433200e-02    7.161000e-05
  4.469800e-02    8.444000e-05
  4.506500e-02    7.868000e-05
  4.543100e-02    7.217000e-05
  4.579700e-02    7.289000e-05
  4.616400e-02    7.082000e-05
  4.653000e-02    7.208000e-05
  4.689600e-02    9.236000e-05
  4.726200e-02    8.215000e-05
  4.762900e-02    7.025000e-05
  4.799500e-02    7.183000e-05
  4.836100e-02    7.389000e-05
  4.872800e-02    7.260000e-05
  4.909400e-02    7.151000e-05
  4.946000e-02    7.309000e-05
  4.982700e-02    7.213000e-05
  5.019300e-02    7.150000e-05
  5.055900e-02    7.334000e-05
  5.092500e-02    7.194000e-05
  5.129200e-02    7.092000e-05
  5.165800e-02    7.317000e-05
  5.202400e-02    7.067000e-05
  5.239100e-02    7.263000e-05
  5.275700e-02    7.217000e-05
  5.312300e-02    7.430000e-05
  5.348900e-02    7.236000e-05
  5.385600e-02    7.234000e-05
  5.422200e-02    7.025000e-05
  5.458800e-02    7.176000e-05
  5.495500e-02    7.290000e-05
  5.532100e-02    7.220000e-05
  5.568700e-02    7.204000e-05
  5.605400e-02    7.138000e-05
  5.642000e-02    7.217000e-05
  5.678600e-02    8.502000e-05
  5.715200e-02    7.311000e-05
  5.751900e-02    7.104000e-05
  5.788500e-02    7.139000e-05
  5.825100e-02    7.111000e-05
  5.861800e-02    7.140000e-05
  5.898400e-02    7.017000e-05
  5.935000e-02    7.554000e-05
  5.971700e-02    7.279000e-05
  6.008300e-02    7.120000e-05
  6.044900e-02    7.232000e-05
  6.081500e-02    7.363000e-05
  6.118200e-02    7.080000e-05
  6.154800e-02    7.282000e-05
  6.191400e-02    7.093000e-05
  6.228100e-02    7.169000e-05
  6.264700e-02    7.032000e-05
  6.301300e-02    7.010000e-05
  6.338000e-02    7.326000e-05
  6.374600e-02    7.060000e-05
  6.411200e-02    7.106000e-05
  6.447800e-02    7.273000e-05
  6.484500e-02    7.388000e-05
  6.521100e-02    7.265000e-05
  6.557700e-02    7.259000e-05
  6.594400e-02    7.252000e-05
  6.631000e-02    7.239000e-05
  6.667600e-02    7.230000e-05
  6.704300e-02    7.243000e-05
  6.740900e-02    7.140000e-05
  6.777500e-02    7.298000e-05
  6.814100e-02    7.222000e-05
  6.850800e-02    7.145000e-05
  6.887400e-02    7.069000e-05
  6.924000e-02    7.221000e-05
  6.960700e-02    7.197000e-05
  6.997300e-02    7.314000e-05
  7.033900e-02    7.230000e-05
  7.070500e-02    7.316000e-05
  7.107200e-02    7.358000e-05
  7.143800e-02    7.230000e-05
  7.180400e-02    7.332000e-05
  7.217100e-02    7.394000e-05
  7.253700e-02    7.500000e-05
  7.290300e-02    7.312000e-05
  7.327000e-02    2.817400e-04
  7.363600e-02    7.431000e-05
  7.400200e-02    7.172000e-05
  7.436800e-02    7.373000e-05
  7.473500e-02    7.116000e-05
  7.510100e-02    7.181000e-05
  7.546700e-02    4.516000e-04
  7.583400e-02    7.085000e-05
  7.620000e-02    7.148000e-05
  7.656600e-02    7.100000e-05
  7.693300e-02    7.167000e-05
  7.729900e-02    7.230000e-05
  7.766500e-02    7.110000e-05
  7.803100e-02    7.195000e-05
  7.839800e-02    7.045000e-05
  7.876400e-02    7.138000e-05
  7.913000e-02    6.967000e-05
  7.949700e-02    7.118000e-05
  7.986300e-02    7.139000e-05
  8.022900e-02    7.062000e-05
  8.059600e-02    7.106000e-05
  8.096200e-02    7.028000e-05
  8.132800e-02    7.143000e-05
  8.169400e-02    7.173000e-05
  8.206100e-02    7.104000e-05
  8.242700e-02    7.102000e-05
  8.279300e-02    7.086000e-05
  8.316000e-02    6.944000e-05
  8.352600e-02    7.227000e-05
  8.389200e-02    7.163000e-05
  8.425900e-02    7.041000e-05
  8.462500e-02    7.041000e-05
  8.499100e-02    7.026000e-05
  8.535700e-02    2.476900e-04
  8.572400e-02    7.063000e-05
  8.609000e-02    7.160000e-05
  8.645600e-02    6.970000e-05
  8.682300e-02    7.088000e-05
  8.718900e-02    7.077000e-05
  8.755500e-02    6.995000e-05
  8.792200e-02    1.146900e-04
  8.828800e-02    7.024000e-05
  8.865400e-02    7.074000e-05
  8.902000e-02    7.002000e-05
  8.938700e-02    7.068000e-05
  8.975300e-02    7.050000e-05
  9.011900e-02    6.911000e-05
  9.048600e-02    6.947000e-05
  9.085200e-02    7.043000e-05
  9.121800e-02    6.903000e-05
  9.158400e-02    7.086000e-05
  9.195100e-02    6.976000e-05
  9.231700e-02    7.047000e-05
  9.268300e-02    7.001000e-05
  9.305000e-02    7.002000e-05
  9.341600e-02    6.970000e-05
  9.378200e-02    6.929000e-05
  9.414900e-02    6.866000e-05
  9.451500e-02    7.053000e-05
  9.488100e-02    6.924000e-05
  9.524700e-02    6.968000e-05
  9.561400e-02    6.961000e-05
  9.598000e-02    6.899000e-05
  9.634600e-02    7.012000e-05
  9.671300e-02    7.000000e-05
  9.707900e-02    7.027000e-05
  9.744500e-02    6.807000e-05
  9.781200e-02    6.839000e-05
  9.817800e-02    6.898000e-05
  9.854400e-02    7.027000e-05
  9.891000e-02    6.855000e-05
  9.927700e-02    6.963000e-05
  9.964300e-02    7.065000e-05
  1.000100e-01    6.867000e-05
  1.003800e-01    6.912000e-05
  1.007400e-01    6.888000e-05
  1.011100e-01    6.861000e-05
  1.014700e-01    6.951000e-05
  1.018400e-01    6.804000e-05
  1.022100e-01    6.746000e-05
  1.025700e-01    6.740000e-05
  1.029400e-01    6.827000e-05
  1.033100e-01    6.920000e-05
  1.036700e-01    6.885000e-05
  1.040400e-01    6.925000e-05
  1.044000e-01    6.698000e-05
  1.047700e-01    6.848000e-05
  1.051400e-01    6.910000e-05
  1.055000e-01    6.762000e-05
  1.058700e-01    6.914000e-05
  1.062400e-01    6.732000e-05
  1.066000e-01    6.758000e-05
  1.069700e-01    6.929000e-05
  1.073400e-01    6.881000e-05
  1.077000e-01    6.867000e-05
  1.080700e-01    6.877000e-05
  1.084300e-01    6.887000e-05
  1.088000e-01    6.734000e-05
  1.091700e-01    6.774000e-05
  1.095300e-01    6.778000e-05
  1.099000e-01    6.925000e-05
  1.102700e-01    6.790000e-05
  1.106300e-01    6.885000e-05
  1.110000e-01    6.825000e-05
  1.113600e-01    6.961000e-05
  1.117300e-01    7.050000e-05
  1.121000e-01    6.919000e-05
  1.124600e-01    6.974000e-05
  1.128300e-01    6.848000e-05
  1.132000e-01    7.035000e-05
  1.135600e-01    6.786000e-05
  1.139300e-01    6.850000e-05
  1.142900e-01    6.817000e-05
  1.146600e-01    6.864000e-05
  1.150300e-01    6.734000e-05
  1.153900e-01    6.916000e-05
  1.157600e-01    6.909000e-05
  1.161300e-01    7.015000e-05
  1.164900e-01    6.851000e-05
  1.168600e-01    6.941000e-05
  1.172300e-01    6.794000e-05
  1.175900e-01    6.994000e-05
  1.179600e-01    6.772000e-05
  1.183200e-01    7.075000e-05
  1.186900e-01    6.737000e-05
  1.190600e-01    6.741000e-05
  1.194200e-01    6.876000e-05
  1.197900e-01    6.888000e-05
  1.201600e-01    6.944000e-05
  1.205200e-01    6.903000e-05
  1.208900e-01    6.873000e-05
  1.212500e-01    6.811000e-05
  1.216200e-01    6.893000e-05
  1.219900e-01    6.910000e-05
  1.223500e-01    6.742000e-05
  1.227200e-01    6.870000e-05
  1.230900e-01    6.888000e-05
  1.234500e-01    6.942000e-05
  1.238200e-01    6.818000e-05
  1.241800e-01    6.897000e-05
  1.245500e-01    6.913000e-05
  1.249200e-01    6.884000e-05
  1.252800e-01    6.865000e-05
  1.256500e-01    6.797000e-05
  1.260200e-01    6.897000e-05
  1.263800e-01    6.881000e-05
  1.267500e-01    6.992000e-05
  1.271200e-01    6.796000e-05
  1.274800e-01    6.963000e-05
  1.278500e-01    6.776000e-05
  1.282100e-01    6.756000e-05
  1.285800e-01    6.637000e-05
  1.289500e-01    6.892000e-05
  1.293100e-01    6.924000e-05
  1.296800e-01    6.860000e-05
  1.300500e-01    6.833000e-05
  1.304100e-01    6.780000e-05
  1.307800e-01    7.011000e-05
  1.311400e-01    6.805000e-05
  1.315100e-01    6.719000e-05
  1.318800e-01    6.984000e-05
  1.322400e-01    6.929000e-05
  1.326100e-01    6.868000e-05
  1.329800e-01    6.768000e-05
  1.333400e-01    6.802000e-05
  1.337100e-01    6.906000e-05
  1.340800e-01    6.872000e-05
  1.344400e-01    6.905000e-05
  1.348100e-01    6.768000e-05
  1.351700e-01    6.922000e-05
  1.355400e-01    6.731000e-05
  1.359100e-01    6.742000e-05
  1.362700e-01    6.773000e-05
  1.366400e-01    6.638000e-05
  1.370100e-01    6.877000e-05
  1.373700e-01    6.811000e-05
  1.377400e-01    6.732000e-05
  1.381000e-01    6.817000e-05
  1.384700e-01    6.750000e-05
  1.388400e-01    6.809000e-05
  1.392000e-01    6.983000e-05
  1.395700e-01    6.786000e-05
  1.399400e-01    6.854000e-05
  1.403000e-01    6.755000e-05
  1.406700e-01    6.841000e-05
  1.410300e-01    6.926000e-05
  1.414000e-01    6.661000e-05
  1.417700e-01    6.735000e-05
  1.421300e-01    6.932000e-05
  1.425000e-01    6.902000e-05
  1.428700e-01    6.745000e-05
  1.432300e-01    6.773000e-05
  1.436000e-01    6.734000e-05
  1.439700e-01    6.952000e-05
  1.443300e-01    6.811000e-05
  1.447000e-01    6.694000e-05
  1.450600e-01    6.829000e-05
  1.454300e-01    6.802000e-05
  1.458000e-01    6.802000e-05
  1.461600e-01    6.957000e-05
  1.465300e-01    6.754000e-05
  1.469000e-01    6.750000e-05
  1.472600e-01    6.633000e-05
  1.476300e-01    6.879000e-05
  1.479900e-01    6.664000e-05
  1.483600e-01    6.691000e-05
  1.487300e-01    6.999000e-05
  1.490900e-01    6.992000e-05
  1.494600e-01    6.760000e-05
  1.498300e-01    6.849000e-05
  1.501900e-01    6.809000e-05
  1.505600e-01    6.623000e-05
  1.509200e-01    6.694000e-05
  1.512900e-01    6.947000e-05
  1.516600e-01    6.689000e-05
  1.520200e-01    6.737000e-05
  1.523900e-01    6.821000e-05
  1.527600e-01    6.718000e-05
  1.531200e-01    6.754000e-05
  1.534900e-01    6.766000e-05
  1.538600e-01    6.800000e-05
  1.542200e-01    6.888000e-05
  1.545900e-01    6.782000e-05
  1.549500e-01    6.832000e-05
  1.553200e-01    6.806000e-05
  1.556900e-01    6.704000e-05
  1.560500e-01    6.924000e-05
  1.564200e-01    6.730000e-05
  1.567900e-01    6.745000e-05
  1.571500e-01    6.854000e-05
  1.575200e-01    6.842000e-05
  1.578800e-01    6.744000e-05
  1.582500e-01    6.839000e-05
  1.586200e-01    6.725000e-05
  1.589800e-01    6.863000e-05
  1.593500e-01    6.735000e-05
  1.597200e-01    6.813000e-05
  1.600800e-01    6.743000e-05
  1.604500e-01    6.797000e-05
  1.608100e-01    6.661000e-05
  1.611800e-01    6.789000e-05
  1.615500e-01    6.889000e-05
  1.619100e-01    6.841000e-05
  1.622800e-01    6.760000e-05
  1.626500e-01    6.826000e-05
  1.630100e-01    6.808000e-05
  1.633800e-01    6.844000e-05
  1.637500e-01    6.773000e-05
  1.641100e-01    6.809000e-05
  1.644800e-01    6.732000e-05
  1.648400e-01    6.641000e-05
  1.652100e-01    6.891000e-05
  1.655800e-01    6.839000e-05
  1.659400e-01    6.815000e-05
  1.663100e-01    6.799000e-05
  1.666800e-01    6.911000e-05
  1.670400e-01    6.836000e-05
  1.674100e-01    6.826000e-05
  1.677700e-01    6.709000e-05
  1.681400e-01    6.760000e-05
  1.685100e-01    6.869000e-05
  1.688700e-01    6.819000e-05
  1.692400e-01    6.888000e-05
  1.696100e-01    6.676000e-05
  1.699700e-01    6.665000e-05
  1.703400e-01    6.810000e-05
  1.707000e-01    6.817000e-05
  1.710700e-01    6.864000e-05
  1.714400e-01    6.818000e-05
  1.718000e-01    6.689000e-05
  1.721700e-01    6.778000e-05
  1.725400e-01    6.681000e-05
  1.729000e-01    6.988000e-05
  1.732700e-01    6.998000e-05
  1.736400e-01    6.692000e-05
  1.740000e-01    6.818000e-05
  1.743700e-01    6.785000e-05
  1.747300e-01    6.701000e-05
  1.751000e-01    6.710000e-05
  1.754700e-01    6.617000e-05
  1.758300e-01    6.684000e-05
  1.762000e-01    6.760000e-05
  1.765700e-01    6.711000e-05
  1.769300e-01    6.820000e-05
  1.773000e-01    6.639000e-05
  1.776600e-01    6.744000e-05
  1.780300e-01    6.835000e-05
  1.784000e-01    6.664000e-05
  1.787600e-01    6.710000e-05
  1.791300e-01    6.820000e-05
  1.795000e-01    6.708000e-05
  1.798600e-01    6.667000e-05
  1.802300e-01    6.811000e-05
  1.805900e-01    6.734000e-05
  1.809600e-01    6.789000e-05
  1.813300e-01    6.657000e-05
  1.816900e-01    6.797000e-05
  1.820600e-01    6.799000e-05
  1.824300e-01    6.618000e-05
  1.827900e-01    6.704000e-05
  1.831600e-01    6.851000e-05
  1.835300e-01    6.780000e-05
  1.838900e-01    6.819000e-05
  1.842600e-01    6.871000e-05
  1.846200e-01    9.208000e-05
  1.849900e-01    9.467000e-05
  1.853600e-01    9.740000e-05
  1.857200e-01    9.712000e-05
  1.860900e-01    9.592000e-05
  1.864600e-01    9.834000e-05
  1.868200e-01    9.677000e-05
  1.871900e-01    9.699000e-05
  1.875500e-01    9.789000e-05
  1.879200e-01    9.720000e-05
  1.882900e-01    9.849000e-05
  1.886500e-01    9.872000e-05
  1.890200e-01    9.769000e-05
  1.893900e-01    9.895000e-05
  1.897500e-01    9.795000e-05
  1.901200e-01    9.783000e-05
  1.904800e-01    9.703000e-05
  1.908500e-01    9.808000e-05
  1.912200e-01    9.871000e-05
  1.915800e-01    9.957000e-05
  1.919500e-01    9.682000e-05
  1.923200e-01    9.847000e-05
  1.926800e-01    9.957000e-05
  1.930500e-01    9.873000e-05
  1.934200e-01    1.000100e-04
  1.937800e-01    9.806000e-05
  1.941500e-01    9.792000e-05
  1.945100e-01    9.735000e-05
  1.948800e-01    9.912000e-05
  1.952500e-01    9.646000e-05
  1.956100e-01    9.735000e-05
  1.959800e-01    9.935000e-05
  1.963500e-01    9.905000e-05
  1.967100e-01    9.908000e-05
  1.970800e-01    9.663000e-05
  1.974400e-01    9.653000e-05
  1.978100e-01    9.781000e-05
  1.981800e-01    9.661000e-05
  1.985400e-01    9.771000e-05
  1.989100e-01    9.707000e-05
  1.992800e-01    9.613000e-05
  1.996400e-01    9.871000e-05
  2.000100e-01    9.756000e-05
  2.003700e-01    9.853000e-05
  2.007400e-01    9.523000e-05
  2.011100e-01    9.762000e-05
  2.014700e-01    9.623000e-05
  2.018400e-01    9.607000e-05
  2.022100e-01    9.657000e-05
  2.025700e-01    9.727000e-05
  2.029400e-01    9.520000e-05
  2.033100e-01    9.804000e-05
  2.036700e-01    9.617000e-05
  2.040400e-01    9.483000e-05
  2.044000e-01    9.555000e-05
  2.047700e-01    9.595000e-05
  2.051400e-01    9.532000e-05
  2.055000e-01    9.565000e-05
  2.058700e-01    9.432000e-05
  2.062400e-01    9.395000e-05
  2.066000e-01    9.288000e-05
  2.069700e-01    9.527000e-05
  2.073300e-01    9.395000e-05
  2.077000e-01    9.395000e-05
  2.080700e-01    9.321000e-05
  2.084300e-01    9.263000e-05
  2.088000e-01    9.274000e-05
  2.091700e-01    9.391000e-05
  2.095300e-01    9.311000e-05
  2.099000e-01    9.391000e-05
  2.102700e-01    9.293000e-05
  2.106300e-01    9.330000e-05
  2.110000e-01    9.341000e-05
  2.113600e-01    9.222000e-05
  2.117300e-01    9.176000e-05
  2.121000e-01    9.283000e-05
  2.124600e-01    9.363000e-05
  2.128300e-01    9.181000e-05
  2.132000e-01    9.248000e-05
  2.135600e-01    8.893000e-05
  2.139300e-01    9.169000e-05
  2.142900e-01    9.164000e-05
  2.146600e-01    9.264000e-05
  2.150300e-01    9.170000e-05
  2.153900e-01    9.043000e-05
  2.157600e-01    9.140000e-05
  2.161300e-01    9.023000e-05
  2.164900e-01    9.029000e-05
  2.168600e-01    9.189000e-05
  2.172200e-01    9.099000e-05
  2.175900e-01    9.025000e-05
  2.179600e-01    8.952000e-05
  2.183200e-01    8.800000e-05
  2.186900e-01    9.132000e-05
  2.190600e-01    9.079000e-05
  2.194200e-01    9.038000e-05
  2.197900e-01    8.829000e-05
  2.201600e-01    8.867000e-05
  2.205200e-01    8.796000e-05
  2.208900e-01    8.909000e-05
  2.212500e-01    8.939000e-05
  2.216200e-01    8.881000e-05
  2.219900e-01    8.878000e-05
  2.223500e-01    8.839000e-05
  2.227200e-01    8.971000e-05
  2.230900e-01    8.973000e-05
  2.234500e-01    8.812000e-05
  2.238200e-01    8.890000e-05
  2.241800e-01    8.783000e-05
  2.245500e-01    8.705000e-05
  2.249200e-01    8.735000e-05
  2.252800e-01    8.732000e-05
  2.256500e-01    8.795000e-05
  2.260200e-01    8.748000e-05
  2.263800e-01    8.796000e-05
  2.267500e-01    8.872000e-05
  2.271100e-01    8.740000e-05
  2.274800e-01    8.631000e-05
  2.278500e-01    8.715000e-05
  2.282100e-01    8.622000e-05
  2.285800e-01    8.727000e-05
  2.289500e-01    8.582000e-05
  2.293100e-01    8.686000e-05
  2.296800e-01    8.507000e-05
  2.300500e-01    8.673000e-05
  2.304100e-01    8.717000e-05
  2.307800e-01    8.598000e-05
  2.311400e-01    8.587000e-05
  2.315100e-01    8.641000e-05
  2.318800e-01    8.515000e-05
  2.322400e-01    8.495000e-05
  2.326100e-01    8.630000e-05
  2.329800e-01    8.584000e-05
  2.333400e-01    8.473000e-05
  2.337100e-01    8.367000e-05
  2.340700e-01    8.540000e-05
  2.344400e-01    8.617000e-05
  2.348100e-01    8.491000e-05
  2.351700e-01    8.427000e-05
  2.355400e-01    8.504000e-05
  2.359100e-01    8.453000e-05
  2.362700e-01    8.490000e-05
  2.366400e-01    8.428000e-05
  2.370000e-01    8.421000e-05
  2.373700e-01    8.420000e-05
  2.377400e-01    8.476000e-05
  2.381000e-01    8.352000e-05
  2.384700e-01    8.461000e-05
  2.388400e-01    8.274000e-05
  2.392000e-01    8.498000e-05
  2.395700e-01    8.339000e-05
  2.399400e-01    8.241000e-05
  2.403000e-01    8.292000e-05
  2.406700e-01    8.190000e-05
  2.410300e-01    8.252000e-05
  2.414000e-01    8.231000e-05
  2.417700e-01    8.223000e-05
  2.421300e-01    8.272000e-05
  2.425000e-01    8.290000e-05
  2.428700e-01    8.184000e-05
  2.432300e-01    8.328000e-05
  2.436000e-01    8.238000e-05
  2.439600e-01    8.234000e-05
  2.443300e-01    8.210000e-05
  2.447000e-01    8.178000e-05
  2.450600e-01    8.160000e-05
  2.454300e-01    8.137000e-05
  2.458000e-01    8.198000e-05
  2.461600e-01    8.109000e-05
  2.465300e-01    8.088000e-05
  2.468900e-01    7.882000e-05
  2.472600e-01    8.180000e-05
  2.476300e-01    8.116000e-05
  2.479900e-01    7.926000e-05
  2.483600e-01    8.067000e-05
  2.487300e-01    8.140000e-05
  2.490900e-01    8.035000e-05
  2.494600e-01    8.150000e-05
  2.498300e-01    8.158000e-05
  2.501900e-01    8.079000e-05
  2.505600e-01    7.811000e-05
  2.509200e-01    7.833000e-05
  2.512900e-01    8.091000e-05
  2.516600e-01    7.883000e-05
  2.520200e-01    8.041000e-05
  2.523900e-01    7.999000e-05
  2.527600e-01    7.939000e-05
  2.531200e-01    8.039000e-05
  2.534900e-01    7.819000e-05
  2.538500e-01    7.997000e-05
  2.542200e-01    7.993000e-05
  2.545900e-01    8.040000e-05
  2.549500e-01    7.850000e-05
  2.553200e-01    7.986000e-05
  2.556900e-01    7.706000e-05
  2.560500e-01    7.886000e-05
  2.564200e-01    7.778000e-05
  2.567800e-01    7.956000e-05
  2.571500e-01    7.825000e-05
  2.575200e-01    7.834000e-05
  2.578800e-01    7.740000e-05
  2.582500e-01    7.804000e-05
  2.586200e-01    8.002000e-05
  2.589800e-01    7.841000e-05
  2.593500e-01    7.789000e-05
  2.597200e-01    7.727000e-05
  2.600800e-01    7.826000e-05
  2.604500e-01    7.798000e-05
  2.608100e-01    7.829000e-05
  2.611800e-01    7.671000e-05
  2.615500e-01    7.838000e-05
  2.619100e-01    7.702000e-05
  2.622800e-01    7.695000e-05
  2.626500e-01    7.809000e-05
  2.630100e-01    7.728000e-05
  2.633800e-01    7.678000e-05
  2.637400e-01    7.769000e-05
  2.641100e-01    7.844000e-05
  2.644800e-01    7.779000e-05
  2.648400e-01    7.853000e-05
  2.652100e-01    7.898000e-05
  2.655800e-01    7.710000e-05
  2.659400e-01    7.810000e-05
  2.663100e-01    7.630000e-05
  2.666700e-01    7.634000e-05
  2.670400e-01    7.607000e-05
  2.674100e-01    7.692000e-05
  2.677700e-01    7.630000e-05
  2.681400e-01    7.676000e-05
  2.685100e-01    7.691000e-05
  2.688700e-01    7.510000e-05
  2.692400e-01    7.638000e-05
  2.696100e-01    7.599000e-05
  2.699700e-01    7.635000e-05
  2.703400e-01    7.590000e-05
  2.707000e-01    7.611000e-05
  2.710700e-01    7.631000e-05
  2.714400e-01    7.482000e-05
  2.718000e-01    7.632000e-05
  2.721700e-01    7.646000e-05
  2.725400e-01    7.504000e-05
  2.729000e-01    7.610000e-05
  2.732700e-01    7.441000e-05
  2.736300e-01    7.493000e-05
  2.740000e-01    7.658000e-05
  2.743700e-01    7.389000e-05
  2.747300e-01    7.472000e-05
  2.751000e-01    7.470000e-05
  2.754700e-01    7.563000e-05
  2.758300e-01    7.421000e-05
  2.762000e-01    7.571000e-05
  2.765600e-01    7.372000e-05
  2.769300e-01    7.491000e-05
  2.773000e-01    7.399000e-05
  2.776600e-01    7.483000e-05
  2.780300e-01    7.447000e-05
  2.784000e-01    7.532000e-05
  2.787600e-01    7.492000e-05
  2.791300e-01    7.554000e-05
  2.795000e-01    7.435000e-05
  2.798600e-01    7.314000e-05
  2.802300e-01    7.344000e-05
  2.805900e-01    7.482000e-05
  2.809600e-01    7.385000e-05
  2.813300e-01    7.382000e-05
  2.816900e-01    7.396000e-05
  2.820600e-01    7.498000e-05
  2.824300e-01    7.309000e-05
  2.827900e-01    7.384000e-05
  2.831600e-01    7.377000e-05
  2.835200e-01    7.413000e-05
  2.838900e-01    7.403000e-05
  2.842600e-01    7.261000e-05
  2.846200e-01    7.323000e-05
  2.849900e-01    7.443000e-05
  2.853600e-01    7.291000e-05
  2.857200e-01    7.444000e-05
  2.860900e-01    7.300000e-05
  2.864500e-01    7.396000e-05
  2.868200e-01    7.479000e-05
  2.871900e-01    7.302000e-05
  2.875500e-01    7.240000e-05
  2.879200e-01    7.318000e-05
  2.882900e-01    7.276000e-05
  2.886500e-01    7.260000e-05
  2.890200e-01    7.369000e-05
  2.893900e-01    7.387000e-05
  2.897500e-01    7.485000e-05
  2.901200e-01    7.384000e-05
  2.904800e-01    7.142000e-05
  2.908500e-01    7.216000e-05
  2.912200e-01    7.206000e-05
  2.915800e-01    7.242000e-05
  2.919500e-01    7.226000e-05
  2.923200e-01    7.351000e-05
  2.926800e-01    7.345000e-05
  2.930500e-01    7.209000e-05
  2.934100e-01    7.204000e-05
  2.937800e-01    7.224000e-05
  2.941500e-01    7.330000e-05
  2.945100e-01    7.357000e-05
  2.948800e-01    7.167000e-05
  2.952500e-01    7.118000e-05
  2.956100e-01    7.014000e-05
  2.959800e-01    7.124000e-05
  2.963500e-01    7.171000e-05
  2.967100e-01    7.214000e-05
  2.970800e-01    7.163000e-05
  2.974400e-01    7.191000e-05
  2.978100e-01    7.309000e-05
  2.981800e-01    7.009000e-05
  2.985400e-01    7.203000e-05
  2.989100e-01    7.081000e-05
  2.992800e-01    7.251000e-05
  2.996400e-01    7.081000e-05
  3.000100e-01    7.069000e-05
  3.003700e-01    7.240000e-05
  3.007400e-01    7.139000e-05
  3.011100e-01    7.081000e-05
  3.014700e-01    7.165000e-05
  3.018400e-01    7.053000e-05
  3.022100e-01    7.166000e-05
  3.025700e-01    7.072000e-05
  3.029400e-01    7.245000e-05
  3.033000e-01    6.969000e-05
  3.036700e-01    7.062000e-05
  3.040400e-01    7.134000e-05
  3.044000e-01    7.076000e-05
  3.047700e-01    7.071000e-05
  3.051400e-01    7.016000e-05
  3.055000e-01    7.101000e-05
  3.058700e-01    6.883000e-05
  3.062400e-01    6.962000e-05
  3.066000e-01    7.250000e-05
  3.069700e-01    7.165000e-05
  3.073300e-01    7.134000e-05
  3.077000e-01    7.093000e-05
  3.080700e-01    7.060000e-05
  3.084300e-01    7.081000e-05
  3.088000e-01    7.165000e-05
  3.091700e-01    7.144000e-05
  3.095300e-01    7.020000e-05
  3.099000e-01    7.123000e-05
  3.102600e-01    7.049000e-05
  3.106300e-01    6.949000e-05
  3.110000e-01    7.081000e-05
  3.113600e-01    6.951000e-05
  3.117300e-01    7.109000e-05
  3.121000e-01    6.920000e-05
  3.124600e-01    7.008000e-05
  3.128300e-01    6.949000e-05
  3.131900e-01    7.066000e-05
  3.135600e-01    7.047000e-05
  3.139300e-01    6.897000e-05
  3.142900e-01    7.026000e-05
  3.146600e-01    6.873000e-05
  3.150300e-01    7.022000e-05
  3.153900e-01    6.950000e-05
  3.157600e-01    6.711000e-05
  3.161300e-01    6.920000e-05
  3.164900e-01    7.065000e-05
  3.168600e-01    6.961000e-05
  3.172200e-01    6.967000e-05
  3.175900e-01    6.965000e-05
  3.179600e-01    6.885000e-05
  3.183200e-01    6.921000e-05
  3.186900e-01    6.793000e-05
  3.190600e-01    6.946000e-05
  3.194200e-01    6.933000e-05
  3.197900e-01    6.940000e-05
  3.201500e-01    6.875000e-05
  3.205200e-01    7.004000e-05
  3.208900e-01    6.892000e-05
  3.212500e-01    6.834000e-05
  3.216200e-01    6.921000e-05
  3.219900e-01    6.809000e-05
  3.223500e-01    6.917000e-05
  3.227200e-01    6.885000e-05
  3.230800e-01    6.822000e-05
  3.234500e-01    6.831000e-05
  3.238200e-01    6.843000e-05
  3.241800e-01    6.923000e-05
  3.245500e-01    6.876000e-05
  3.249200e-01    6.914000e-05
  3.252800e-01    6.829000e-05
  3.256500e-01    6.933000e-05
  3.260200e-01    6.840000e-05
  3.263800e-01    6.887000e-05
  3.267500e-01    6.908000e-05
  3.271100e-01    6.737000e-05
  3.274800e-01    6.576000e-05
  3.278500e-01    6.803000e-05
  3.282100e-01    6.822000e-05
  3.285800e-01    6.842000e-05
  3.289500e-01    6.890000e-05
  3.293100e-01    6.741000e-05
  3.296800e-01    6.709000e-05
  3.300400e-01    6.683000e-05
  3.304100e-01    6.672000e-05
  3.307800e-01    6.871000e-05
  3.311400e-01    6.983000e-05
  3.315100e-01    6.640000e-05
  3.318800e-01    6.853000e-05
  3.322400e-01    6.835000e-05
  3.326100e-01    6.765000e-05
  3.329700e-01    6.872000e-05
  3.333400e-01    6.835000e-05
  3.337100e-01    6.670000e-05
  3.340700e-01    6.786000e-05
  3.344400e-01    6.793000e-05
  3.348100e-01    6.676000e-05
  3.351700e-01    6.801000e-05
  3.355400e-01    6.651000e-05
  3.359100e-01    6.786000e-05
  3.362700e-01    6.747000e-05
  3.366400e-01    6.690000e-05
  3.370000e-01    6.586000e-05
  3.373700e-01    6.760000e-05
  3.377400e-01    6.729000e-05
  3.381000e-01    6.650000e-05
  3.384700e-01    6.763000e-05
  3.388400e-01    6.762000e-05
  3.392000e-01    6.688000e-05
  3.395700e-01    6.560000e-05
  3.399300e-01    6.739000e-05
  3.403000e-01    6.716000e-05
  3.406700e-01    6.675000e-05
  3.410300e-01    6.759000e-05
  3.414000e-01    6.823000e-05
  3.417700e-01    6.711000e-05
  3.421300e-01    6.698000e-05
  3.425000e-01    6.771000e-05
  3.428600e-01    6.687000e-05
  3.432300e-01    6.758000e-05
  3.436000e-01    6.613000e-05
  3.439600e-01    6.625000e-05
  3.443300e-01    6.630000e-05
  3.447000e-01    6.637000e-05
  3.450600e-01    6.596000e-05
  3.454300e-01    6.858000e-05
  3.458000e-01    6.609000e-05
  3.461600e-01    6.676000e-05
  3.465300e-01    6.702000e-05
  3.468900e-01    6.733000e-05
  3.472600e-01    6.786000e-05
  3.476300e-01    6.503000e-05
  3.479900e-01    6.685000e-05
  3.483600e-01    6.591000e-05
  3.487300e-01    6.685000e-05
  3.490900e-01    6.660000e-05
  3.494600e-01    6.536000e-05
  3.498200e-01    6.663000e-05
  3.501900e-01    6.702000e-05
  3.505600e-01    6.633000e-05
  3.509200e-01    6.546000e-05
  3.512900e-01    6.643000e-05
  3.516600e-01    6.712000e-05
  3.520200e-01    6.614000e-05
  3.523900e-01    6.520000e-05
  3.527500e-01    6.497000e-05
  3.531200e-01    6.575000e-05
  3.534900e-01    6.745000e-05
  3.538500e-01    6.586000e-05
  3.542200e-01    6.618000e-05
  3.545900e-01    6.535000e-05
  3.549500e-01    6.670000e-05
  3.553200e-01    6.733000e-05
  3.556900e-01    6.603000e-05
  3.560500e-01    6.646000e-05
  3.564200e-01    6.480000e-05
  3.567800e-01    6.572000e-05
  3.571500e-01    6.586000e-05
  3.575200e-01    6.665000e-05
  3.578800e-01    6.572000e-05
  3.582500e-01    6.640000e-05
  3.586200e-01    6.517000e-05
  3.589800e-01    6.745000e-05
  3.593500e-01    6.621000e-05
  3.597100e-01    6.559000e-05
  3.600800e-01    6.757000e-05
  3.604500e-01    6.539000e-05
  3.608100e-01    6.648000e-05
  3.611800e-01    6.587000e-05
  3.615500e-01    6.466000e-05
  3.619100e-01    6.416000e-05
  3.622800e-01    6.601000e-05
  3.626400e-01    6.583000e-05
  3.630100e-01    6.642000e-05
  3.633800e-01    6.588000e-05
  3.637400e-01    6.536000e-05
  3.641100e-01    6.608000e-05
  3.644800e-01    6.541000e-05
  3.648400e-01    6.701000e-05
  3.652100e-01    6.547000e-05
  3.655800e-01    6.679000e-05
  3.659400e-01    6.769000e-05
  3.663100e-01    6.546000e-05
  3.666700e-01    6.581000e-05
  3.670400e-01    6.633000e-05
  3.674100e-01    6.568000e-05
  3.677700e-01    6.384000e-05
  3.681400e-01    6.411000e-05
  3.685100e-01    6.601000e-05
  3.688700e-01    6.572000e-05
  3.692400e-01    6.557000e-05
  3.696000e-01    6.606000e-05
  3.699700e-01    6.596000e-05
  3.703400e-01    6.647000e-05
  3.707000e-01    6.644000e-05
  3.710700e-01    6.605000e-05
  3.714400e-01    6.645000e-05
  3.718000e-01    6.542000e-05
  3.721700e-01    6.611000e-05
  3.725300e-01    6.540000e-05
  3.729000e-01    6.563000e-05
  3.732700e-01    6.557000e-05
  3.736300e-01    6.606000e-05
  3.740000e-01    6.604000e-05
  3.743700e-01    6.497000e-05
  3.747300e-01    6.491000e-05
  3.751000e-01    6.583000e-05
  3.754700e-01    6.500000e-05
  3.758300e-01    6.527000e-05
  3.762000e-01    6.341000e-05
  3.765600e-01    6.729000e-05
  3.769300e-01    6.620000e-05
  3.773000e-01    6.571000e-05
  3.776600e-01    6.496000e-05
  3.780300e-01    6.761000e-05
  3.784000e-01    6.571000e-05
  3.787600e-01    6.522000e-05
  3.791300e-01    6.485000e-05
  3.794900e-01    6.610000e-05
  3.798600e-01    6.490000e-05
  3.802300e-01    6.567000e-05
  3.805900e-01    6.565000e-05
  3.809600e-01    6.512000e-05
  3.813300e-01    6.484000e-05
  3.816900e-01    6.530000e-05
  3.820600e-01    6.577000e-05
  3.824300e-01    6.553000e-05
  3.827900e-01    6.525000e-05
  3.831600e-01    6.632000e-05
  3.835200e-01    6.491000e-05
  3.838900e-01    6.467000e-05
  3.842600e-01    6.553000e-05
  3.846200e-01    6.519000e-05
  3.849900e-01    6.486000e-05
  3.853600e-01    6.483000e-05
  3.857200e-01    6.540000e-05
  3.860900e-01    6.436000e-05
  3.864500e-01    6.595000e-05
  3.868200e-01    6.577000e-05
  3.871900e-01    6.627000e-05
  3.875500e-01    6.459000e-05
  3.879200e-01    6.431000e-05
  3.882900e-01    6.660000e-05
  3.886500e-01    6.607000e-05
  3.890200e-01    6.556000e-05
  3.893800e-01    6.663000e-05
  3.897500e-01    6.689000e-05
  3.901200e-01    6.608000e-05
  3.904800e-01    6.468000e-05
  3.908500e-01    6.475000e-05
  3.912200e-01    6.615000e-05
  3.915800e-01    6.450000e-05
  3.919500e-01    6.468000e-05
  3.923200e-01    6.389000e-05
  3.926800e-01    6.543000e-05
  3.930500e-01    6.510000e-05
  3.934100e-01    6.642000e-05
  3.937800e-01    6.639000e-05
  3.941500e-01    6.562000e-05
  3.945100e-01    6.631000e-05
  3.948800e-01    6.585000e-05
  3.952500e-01    6.579000e-05
  3.956100e-01    6.528000e-05
  3.959800e-01    6.439000e-05
  3.963400e-01    6.660000e-05
  3.967100e-01    6.497000e-05
  3.970800e-01    6.570000e-05
  3.974400e-01    6.622000e-05
  3.978100e-01    6.566000e-05
  3.981800e-01    6.702000e-05
  3.985400e-01    6.714000e-05
  3.989100e-01    6.461000e-05
  3.992700e-01    6.580000e-05
  3.996400e-01    6.633000e-05
  4.000100e-01    6.588000e-05
  4.003700e-01    6.669000e-05
  4.007400e-01    6.469000e-05
  4.011100e-01    6.565000e-05
  4.014700e-01    6.564000e-05
  4.018400e-01    6.576000e-05
  4.022100e-01    6.577000e-05
  4.025700e-01    6.570000e-05
  4.029400e-01    6.466000e-05
  4.033000e-01    6.524000e-05
  4.036700e-01    6.564000e-05
  4.040400e-01    6.563000e-05
  4.044000e-01    6.556000e-05
  4.047700e-01    6.677000e-05
  4.051400e-01    6.674000e-05
  4.055000e-01    6.507000e-05
  4.058700e-01    6.704000e-05
  4.062300e-01    6.476000e-05
  4.066000e-01    6.597000e-05
  4.069700e-01    6.655000e-05
  4.073300e-01    6.473000e-05
  4.077000e-01    6.648000e-05
  4.080700e-01    6.672000e-05
  4.084300e-01    6.691000e-05
  4.088000e-01    6.607000e-05
  4.091600e-01    6.747000e-05
  4.095300e-01    6.639000e-05
  4.099000e-01    6.723000e-05
  4.102600e-01    6.584000e-05
  4.106300e-01    6.743000e-05
  4.110000e-01    6.624000e-05
  4.113600e-01    6.768000e-05
  4.117300e-01    6.683000e-05
  4.121000e-01    6.621000e-05
  4.124600e-01    6.571000e-05
  4.128300e-01    6.674000e-05
  4.131900e-01    6.674000e-05
  4.135600e-01    6.657000e-05
  4.139300e-01    6.644000e-05
  4.142900e-01    6.768000e-05
  4.146600e-01    6.722000e-05
  4.150300e-01    6.684000e-05
  4.153900e-01    6.563000e-05
  4.157600e-01    6.747000e-05
  4.161200e-01    6.772000e-05
  4.164900e-01    6.707000e-05
  4.168600e-01    6.757000e-05
  4.172200e-01    6.648000e-05
  4.175900e-01    6.624000e-05
  4.179600e-01    6.717000e-05
  4.183200e-01    7.014000e-05
  4.186900e-01    6.812000e-05
  4.190500e-01    6.771000e-05
  4.194200e-01    6.731000e-05
  4.197900e-01    6.741000e-05
  4.201500e-01    6.714000e-05
  4.205200e-01    6.661000e-05
  4.208900e-01    7.027000e-05
  4.212500e-01    6.740000e-05
  4.216200e-01    6.779000e-05
  4.219900e-01    6.711000e-05
  4.223500e-01    6.926000e-05
  4.227200e-01    6.689000e-05
  4.230800e-01    6.883000e-05
  4.234500e-01    6.860000e-05
  4.238200e-01    6.707000e-05
  4.241800e-01    6.763000e-05
  4.245500e-01    6.877000e-05
  4.249200e-01    6.762000e-05
  4.252800e-01    6.866000e-05
  4.256500e-01    6.625000e-05
  4.260100e-01    6.954000e-05
  4.263800e-01    6.865000e-05
  4.267500e-01    6.857000e-05
  4.271100e-01    6.920000e-05
  4.274800e-01    6.875000e-05
  4.278500e-01    6.927000e-05
  4.282100e-01    6.798000e-05
  4.285800e-01    6.866000e-05
  4.289400e-01    6.859000e-05
  4.293100e-01    6.913000e-05
  4.296800e-01    6.872000e-05
  4.300400e-01    6.972000e-05
  4.304100e-01    6.901000e-05
  4.307800e-01    6.845000e-05
  4.311400e-01    6.857000e-05
  4.315100e-01    6.983000e-05
  4.318800e-01    6.990000e-05
  4.322400e-01    7.069000e-05
  4.326100e-01    6.998000e-05
  4.329700e-01    6.988000e-05
  4.333400e-01    6.920000e-05
  4.337100e-01    6.920000e-05
  4.340700e-01    6.925000e-05
  4.344400e-01    6.906000e-05
  4.348100e-01    7.006000e-05
  4.351700e-01    6.990000e-05
  4.355400e-01    7.030000e-05
  4.359000e-01    7.065000e-05
  4.362700e-01    7.054000e-05
  4.366400e-01    7.077000e-05
  4.370000e-01    7.235000e-05
  4.373700e-01    7.050000e-05
  4.377400e-01    7.136000e-05
  4.381000e-01    7.048000e-05
  4.384700e-01    7.212000e-05
  4.388300e-01    7.254000e-05
  4.392000e-01    7.041000e-05
  4.395700e-01    7.070000e-05
  4.399300e-01    7.129000e-05
  4.403000e-01    7.160000e-05
  4.406700e-01    7.321000e-05
  4.410300e-01    7.280000e-05
  4.414000e-01    7.208000e-05
  4.417700e-01    7.221000e-05
  4.421300e-01    7.267000e-05
  4.425000e-01    7.401000e-05
  4.428600e-01    7.309000e-05
  4.432300e-01    7.349000e-05
  4.436000e-01    7.276000e-05
  4.439600e-01    7.453000e-05
  4.443300e-01    7.409000e-05
  4.447000e-01    7.505000e-05
  4.450600e-01    7.523000e-05
  4.454300e-01    7.388000e-05
  4.457900e-01    7.390000e-05
  4.461600e-01    7.322000e-05
  4.465300e-01    7.415000e-05
  4.468900e-01    7.409000e-05
  4.472600e-01    7.520000e-05
  4.476300e-01    7.501000e-05
  4.479900e-01    7.551000e-05
  4.483600e-01    7.666000e-05
  4.487200e-01    7.595000e-05
  4.490900e-01    7.627000e-05
  4.494600e-01    7.688000e-05
  4.498200e-01    7.640000e-05
  4.501900e-01    7.608000e-05
  4.505600e-01    7.602000e-05
  4.509200e-01    7.790000e-05
  4.512900e-01    7.756000e-05
  4.516600e-01    7.711000e-05
  4.520200e-01    7.760000e-05
  4.523900e-01    7.730000e-05
  4.527500e-01    7.902000e-05
  4.531200e-01    7.671000e-05
  4.534900e-01    7.853000e-05
  4.538500e-01    7.836000e-05
  4.542200e-01    7.849000e-05
  4.545900e-01    7.999000e-05
  4.549500e-01    7.962000e-05
  4.553200e-01    8.038000e-05
  4.556800e-01    7.877000e-05
  4.560500e-01    8.103000e-05
  4.564200e-01    7.940000e-05
  4.567800e-01    7.965000e-05
  4.571500e-01    8.066000e-05
  4.575200e-01    8.178000e-05
  4.578800e-01    8.182000e-05
  4.582500e-01    8.013000e-05
  4.586200e-01    8.202000e-05
  4.589800e-01    8.240000e-05
  4.593500e-01    8.024000e-05
  4.597100e-01    8.321000e-05
  4.600800e-01    8.381000e-05
  4.604500e-01    8.224000e-05
  4.608100e-01    8.423000e-05
  4.611800e-01    8.310000e-05
  4.615500e-01    8.379000e-05
  4.619100e-01    8.330000e-05
  4.622800e-01    8.438000e-05
  4.626400e-01    8.390000e-05
  4.630100e-01    8.603000e-05
  4.633800e-01    8.419000e-05
  4.637400e-01    8.652000e-05
  4.641100e-01    8.629000e-05
  4.644800e-01    8.817000e-05
  4.648400e-01    8.819000e-05
  4.652100e-01    8.728000e-05
  4.655700e-01    8.826000e-05
  4.659400e-01    8.767000e-05
  4.663100e-01    8.856000e-05
  4.666700e-01    8.995000e-05
  4.670400e-01    8.794000e-05
  4.674100e-01    8.960000e-05
  4.677700e-01    9.241000e-05
  4.681400e-01    8.902000e-05
  4.685100e-01    9.029000e-05
  4.688700e-01    8.992000e-05
  4.692400e-01    9.244000e-05
  4.696000e-01    9.192000e-05
  4.699700e-01    9.175000e-05
  4.703400e-01    9.180000e-05
  4.707000e-01    9.396000e-05
  4.710700e-01    9.306000e-05
  4.714400e-01    9.366000e-05
  4.718000e-01    9.405000e-05
  4.721700e-01    9.454000e-05
  4.725300e-01    9.694000e-05
  4.729000e-01    9.725000e-05
  4.732700e-01    9.570000e-05
  4.736300e-01    9.784000e-05
  4.740000e-01    9.864000e-05
  4.743700e-01    9.727000e-05
  4.747300e-01    9.978000e-05
  4.751000e-01    9.953000e-05
  4.754600e-01    1.002900e-04
  4.758300e-01    9.910000e-05
  4.762000e-01    1.009700e-04
  4.765600e-01    1.021700e-04
  4.769300e-01    1.015400e-04
  4.773000e-01    1.021800e-04
  4.776600e-01    3.836000e-05
  4.780300e-01    2.988000e-05
  4.784000e-01    2.935000e-05
  4.787600e-01    2.874000e-05
  4.791300e-01    2.906000e-05
  4.794900e-01    2.990000e-05
  4.798600e-01    2.847000e-05
  4.802300e-01    2.906000e-05
  4.805900e-01    2.867000e-05
  4.809600e-01    2.875000e-05
  4.813300e-01    2.815000e-05
  4.816900e-01    2.868000e-05
  4.820600e-01    2.798000e-05
  4.824200e-01    2.780000e-05
  4.827900e-01    2.734000e-05
  4.831600e-01    2.678000e-05
  4.835200e-01    2.683000e-05
  4.838900e-01    2.659000e-05
  4.842600e-01    2.633000e-05
  4.846200e-01    2.602000e-05
  4.849900e-01    2.644000e-05
  4.853500e-01    2.558000e-05
  4.857200e-01    2.697000e-05
  4.860900e-01    2.660000e-05
  4.864500e-01    2.590000e-05
  4.868200e-01    2.590000e-05
  4.871900e-01    2.497000e-05
  4.875500e-01    2.504000e-05
  4.879200e-01    2.471000e-05
  4.882900e-01    2.557000e-05
  4.886500e-01    2.438000e-05
  4.890200e-01    2.453000e-05
  4.893800e-01    2.329000e-05
  4.897500e-01    2.402000e-05
  4.901200e-01    2.423000e-05
  4.904800e-01    2.396000e-05
  4.908500e-01    2.336000e-05
  4.912200e-01    2.305000e-05
  4.915800e-01    2.209000e-05
  4.919500e-01    2.234000e-05
  4.923100e-01    2.285000e-05
  4.926800e-01    2.268000e-05
  4.930500e-01    2.218000e-05
  4.934100e-01    2.296000e-05
  4.937800e-01    2.237000e-05
  4.941500e-01    2.295000e-05
  4.945100e-01    2.258000e-05
  4.948800e-01    2.160000e-05
  4.952400e-01    2.140000e-05
  4.956100e-01    2.183000e-05
  4.959800e-01    2.192000e-05
  4.963400e-01    2.192000e-05
  4.967100e-01    2.164000e-05
  4.970800e-01    2.105000e-05
  4.974400e-01    2.111000e-05
  4.978100e-01    2.139000e-05
  4.981800e-01    2.075000e-05
  4.985400e-01    2.092000e-05
  4.989100e-01    2.113000e-05
  4.992700e-01    1.996000e-05
  4.996400e-01    2.080000e-05
  5.000100e-01    1.962000e-05
  5.003700e-01    1.995000e-05
  5.007400e-01    1.966000e-05
  5.011100e-01    2.047000e-05
  5.014700e-01    1.895000e-05
  5.018400e-01    1.923000e-05
  5.022000e-01    1.960000e-05
  5.025700e-01    1.831000e-05
  5.029400e-01    1.883000e-05
  5.033000e-01    1.925000e-05
  5.036700e-01    1.861000e-05
  5.040400e-01    1.804000e-05
  5.044000e-01    1.896000e-05
  5.047700e-01    1.803000e-05
  5.051300e-01    1.818000e-05
  5.055000e-01    1.737000e-05
  5.058700e-01    1.730000e-05
  5.062300e-01    1.742000e-05
  5.066000e-01    1.915000e-05
  5.069700e-01    1.831000e-05
  5.073300e-01    1.742000e-05
  5.077000e-01    1.737000e-05
  5.080700e-01    1.778000e-05
  5.084300e-01    1.742000e-05
  5.088000e-01    1.653000e-05
  5.091600e-01    1.654000e-05
  5.095300e-01    1.668000e-05
  5.099000e-01    1.659000e-05
  5.102600e-01    1.717000e-05
  5.106300e-01    1.637000e-05
  5.110000e-01    1.590000e-05
  5.113600e-01    1.597000e-05
  5.117300e-01    1.591000e-05
  5.120900e-01    1.581000e-05
  5.124600e-01    1.538000e-05
  5.128300e-01    1.587000e-05
  5.131900e-01    1.549000e-05
  5.135600e-01    1.543000e-05
  5.139300e-01    1.474000e-05
  5.142900e-01    1.534000e-05
  5.146600e-01    1.464000e-05
  5.150200e-01    1.452000e-05
  5.153900e-01    1.482000e-05
  5.157600e-01    1.491000e-05
  5.161200e-01    1.487000e-05
  5.164900e-01    1.417000e-05
  5.168600e-01    1.358000e-05
  5.172200e-01    1.375000e-05
  5.175900e-01    1.436000e-05
  5.179600e-01    1.325000e-05
  5.183200e-01    1.416000e-05
  5.186900e-01    1.383000e-05
  5.190500e-01    1.357000e-05
  5.194200e-01    1.354000e-05
  5.197900e-01    1.372000e-05
  5.201500e-01    1.348000e-05
  5.205200e-01    1.390000e-05
  5.208900e-01    1.297000e-05
  5.212500e-01    1.344000e-05
  5.216200e-01    1.318000e-05
  5.219800e-01    1.329000e-05
  5.223500e-01    1.226000e-05
  5.227200e-01    1.281000e-05
  5.230800e-01    1.219000e-05
  5.234500e-01    1.252000e-05
  5.238200e-01    1.300000e-05
  5.241800e-01    1.205000e-05
  5.245500e-01    1.216000e-05
  5.249100e-01    1.242000e-05
  5.252800e-01    1.247000e-05
  5.256500e-01    1.171000e-05
  5.260100e-01    1.203000e-05
  5.263800e-01    1.173000e-05
  5.267500e-01    1.235000e-05
  5.271100e-01    1.199000e-05
  5.274800e-01    1.187000e-05
  5.278500e-01    1.145000e-05
  5.282100e-01    1.221000e-05
  5.285800e-01    1.150000e-05
  5.289400e-01    1.151000e-05
  5.293100e-01    1.106000e-05
  5.296800e-01    1.122000e-05
  5.300400e-01    1.173000e-05
  5.304100e-01    1.150000e-05
  5.307800e-01    1.121000e-05
  5.311400e-01    1.034000e-05
  5.315100e-01    1.077000e-05
  5.318700e-01    1.104000e-05
  5.322400e-01    1.063000e-05
  5.326100e-01    1.013000e-05
  5.329700e-01    1.034000e-05
  5.333400e-01    1.062000e-05
  5.337100e-01    1.017000e-05
  5.340700e-01    1.039000e-05
  5.344400e-01    9.420000e-06
  5.348000e-01    9.880000e-06
  5.351700e-01    1.008000e-05
  5.355400e-01    9.920000e-06
  5.359000e-01    9.580000e-06
  5.362700e-01    1.048000e-05
  5.366400e-01    9.870000e-06
  5.370000e-01    1.025000e-05
  5.373700e-01    9.150000e-06
  5.377400e-01    9.800000e-06
  5.381000e-01    8.530000e-06
  5.384700e-01    8.910000e-06
  5.388300e-01    9.550000e-06
  5.392000e-01    9.140000e-06
  5.395700e-01    9.370000e-06
  5.399300e-01    8.840000e-06
  5.403000e-01    9.190000e-06
  5.406700e-01    8.580000e-06
  5.410300e-01    8.680000e-06
  5.414000e-01    8.980000e-06
  5.417600e-01    9.210000e-06
  5.421300e-01    8.470000e-06
  5.425000e-01    8.300000e-06
  5.428600e-01    8.950000e-06
  5.432300e-01    8.240000e-06
  5.436000e-01    8.680000e-06
  5.439600e-01    8.910000e-06
  5.443300e-01    8.260000e-06
  5.447000e-01    8.180000e-06
  5.450600e-01    8.580000e-06
  5.454300e-01    8.470000e-06
  5.457900e-01    7.960000e-06
  5.461600e-01    8.010000e-06
  5.465300e-01    8.060000e-06
  5.468900e-01    7.970000e-06
  5.472600e-01    6.900000e-06
  5.476300e-01    7.860000e-06
  5.479900e-01    7.500000e-06
  5.483600e-01    7.560000e-06
  5.487200e-01    7.890000e-06
  5.490900e-01    7.550000e-06
  5.494600e-01    7.530000e-06
  5.498200e-01    7.980000e-06
  5.501900e-01    6.900000e-06
  5.505600e-01    7.020000e-06
  5.509200e-01    7.890000e-06
  5.512900e-01    7.750000e-06
  5.516500e-01    7.250000e-06
  5.520200e-01    7.240000e-06
  5.523900e-01    7.270000e-06
  5.527500e-01    7.560000e-06
  5.531200e-01    7.000000e-06
  5.534900e-01    7.230000e-06
  5.538500e-01    7.310000e-06
  5.542200e-01    7.140000e-06
  5.545900e-01    7.050000e-06
  5.549500e-01    7.130000e-06
  5.553200e-01    6.650000e-06
  5.556800e-01    7.270000e-06
  5.560500e-01    7.290000e-06
  5.564200e-01    7.330000e-06
  5.567800e-01    6.680000e-06
  5.571500e-01    6.360000e-06
  5.575200e-01    7.400000e-06
  5.578800e-01    7.140000e-06
  5.582500e-01    6.400000e-06
  5.586100e-01    6.530000e-06
  5.589800e-01    6.980000e-06
  5.593500e-01    7.130000e-06
  5.597100e-01    6.540000e-06
  5.600800e-01    6.760000e-06
  5.604500e-01    6.670000e-06
  5.608100e-01    6.340000e-06
  5.611800e-01    6.460000e-06
  5.615400e-01    6.740000e-06
  5.619100e-01    6.510000e-06
  5.622800e-01    6.690000e-06
  5.626400e-01    7.010000e-06
  5.630100e-01    6.640000e-06
  5.633800e-01    6.450000e-06
  5.637400e-01    6.570000e-06
  5.641100e-01    7.010000e-06
  5.644800e-01    6.630000e-06
  5.648400e-01    6.930000e-06
  5.652100e-01    6.390000e-06
  5.655700e-01    6.400000e-06
  5.659400e-01    6.780000e-06
  5.663100e-01    6.250000e-06
  5.666700e-01    6.540000e-06
  5.670400e-01    6.200000e-06
  5.674100e-01    6.660000e-06
  5.677700e-01    6.220000e-06
  5.681400e-01    6.360000e-06
  5.685000e-01    6.270000e-06
  5.688700e-01    6.340000e-06
  5.692400e-01    6.540000e-06
  5.696000e-01    6.330000e-06
  5.699700e-01    6.490000e-06
  5.703400e-01    6.470000e-06
  5.707000e-01    6.540000e-06
  5.710700e-01    5.970000e-06
  5.714300e-01    6.320000e-06
  5.718000e-01    6.400000e-06
  5.721700e-01    6.540000e-06
  5.725300e-01    6.370000e-06
  5.729000e-01    5.950000e-06
  5.732700e-01    6.520000e-06
  5.736300e-01    6.050000e-06
  5.740000e-01    6.000000e-06
  5.743700e-01    6.240000e-06
  5.747300e-01    6.980000e-06
  5.751000e-01    6.240000e-06
  5.754600e-01    6.310000e-06
  5.758300e-01    6.470000e-06
  5.762000e-01    6.400000e-06
  5.765600e-01    6.550000e-06
  5.769300e-01    5.730000e-06
  5.773000e-01    6.270000e-06
  5.776600e-01    5.920000e-06
  5.780300e-01    6.320000e-06
  5.783900e-01    5.970000e-06
  5.787600e-01    6.380000e-06
  5.791300e-01    6.590000e-06
  5.794900e-01    6.360000e-06
  5.798600e-01    6.220000e-06
  5.802300e-01    6.280000e-06
  5.805900e-01    5.900000e-06
  5.809600e-01    6.350000e-06
  5.813200e-01    6.020000e-06
  5.816900e-01    6.450000e-06
  5.820600e-01    6.810000e-06
  5.824200e-01    6.120000e-06
  5.827900e-01    6.240000e-06
  5.831600e-01    6.400000e-06
  5.835200e-01    6.810000e-06
  5.838900e-01    6.950000e-06
  5.842600e-01    6.980000e-06
  5.846200e-01    6.740000e-06
  5.849900e-01    6.530000e-06
  5.853500e-01    6.520000e-06
  5.857200e-01    6.880000e-06
  5.860900e-01    6.260000e-06
  5.864500e-01    6.310000e-06
  5.868200e-01    6.310000e-06
  5.871900e-01    6.570000e-06
  5.875500e-01    6.290000e-06
  5.879200e-01    6.290000e-06
  5.882800e-01    6.150000e-06
  5.886500e-01    6.160000e-06
  5.890200e-01    6.390000e-06
  5.893800e-01    6.080000e-06
  5.897500e-01    5.740000e-06
  5.901200e-01    5.990000e-06
  5.904800e-01    6.220000e-06
  5.908500e-01    6.030000e-06
  5.912100e-01    6.040000e-06
  5.915800e-01    5.840000e-06
  5.919500e-01    6.000000e-06
  5.923100e-01    6.210000e-06
  5.926800e-01    5.910000e-06
  5.930500e-01    5.890000e-06
  5.934100e-01    5.720000e-06
  5.937800e-01    5.920000e-06
  5.941500e-01    6.240000e-06
  5.945100e-01    5.900000e-06
  5.948800e-01    5.870000e-06
  5.952400e-01    5.870000e-06
  5.956100e-01    6.000000e-06
  5.959800e-01    5.730000e-06
  5.963400e-01    5.570000e-06
  5.967100e-01    5.690000e-06
  5.970800e-01    5.700000e-06
  5.974400e-01    6.080000e-06
  5.978100e-01    5.820000e-06
  5.981700e-01    5.890000e-06
  5.985400e-01    5.320000e-06
  5.989100e-01    5.500000e-06
  5.992700e-01    5.390000e-06
  5.996400e-01    5.640000e-06
  6.000100e-01    5.420000e-06
  6.003700e-01    5.170000e-06
  6.007400e-01    5.340000e-06
  6.011000e-01    5.530000e-06
  6.014700e-01    4.860000e-06
  6.018400e-01    5.590000e-06
  6.022000e-01    5.210000e-06
  6.025700e-01    5.120000e-06
  6.029400e-01    5.490000e-06
  6.033000e-01    5.430000e-06
  6.036700e-01    5.210000e-06
  6.040400e-01    5.520000e-06
  6.044000e-01    5.510000e-06
  6.047700e-01    5.230000e-06
  6.051300e-01    5.090000e-06
  6.055000e-01    5.350000e-06
  6.058700e-01    4.970000e-06
  6.062300e-01    4.880000e-06
  6.066000e-01    5.250000e-06
  6.069700e-01    4.970000e-06
  6.073300e-01    5.180000e-06
  6.077000e-01    5.030000e-06
  6.080600e-01    5.230000e-06
  6.084300e-01    5.210000e-06
  6.088000e-01    4.890000e-06
  6.091600e-01    4.780000e-06
  6.095300e-01    5.060000e-06
  6.099000e-01    5.210000e-06
  6.102600e-01    4.690000e-06
  6.106300e-01    5.310000e-06
  6.109900e-01    4.990000e-06
  6.113600e-01    5.020000e-06
  6.117300e-01    4.760000e-06
  6.120900e-01    4.530000e-06
  6.124600e-01    4.800000e-06
  6.128300e-01    5.340000e-06
  6.131900e-01    4.940000e-06
  6.135600e-01    4.870000e-06
  6.139300e-01    4.730000e-06
  6.142900e-01    5.000000e-06
  6.146600e-01    5.060000e-06
  6.150200e-01    4.730000e-06
  6.153900e-01    4.820000e-06
  6.157600e-01    4.850000e-06
  6.161200e-01    4.780000e-06
  6.164900e-01    5.130000e-06
  6.168600e-01    4.170000e-06
  6.172200e-01    4.660000e-06
  6.175900e-01    4.900000e-06
  6.179500e-01    5.260000e-06
  6.183200e-01    4.840000e-06
  6.186900e-01    4.430000e-06
  6.190500e-01    4.620000e-06
  6.194200e-01    4.550000e-06
  6.197900e-01    4.600000e-06
  6.201500e-01    4.690000e-06
  6.205200e-01    5.000000e-06
  6.208800e-01    4.900000e-06
  6.212500e-01    4.700000e-06
  6.216200e-01    4.810000e-06
  6.219800e-01    4.270000e-06
  6.223500e-01    4.680000e-06
  6.227200e-01    4.480000e-06
  6.230800e-01    4.630000e-06
  6.234500e-01    4.620000e-06
  6.238200e-01    4.300000e-06
  6.241800e-01    4.650000e-06
  6.245500e-01    4.590000e-06
  6.249100e-01    4.510000e-06
  6.252800e-01    4.110000e-06
  6.256500e-01    4.710000e-06
  6.260100e-01    4.490000e-06
  6.263800e-01    4.350000e-06
  6.267500e-01    4.410000e-06
  6.271100e-01    3.880000e-06
  6.274800e-01    4.460000e-06
  6.278400e-01    4.130000e-06
  6.282100e-01    4.310000e-06
  6.285800e-01    4.490000e-06
  6.289400e-01    2.098000e-05
  6.293100e-01    4.850000e-06
  6.296800e-01    8.361000e-05
  6.300400e-01    4.370000e-06
  6.304100e-01    4.160000e-06
  6.307800e-01    4.170000e-06
  6.311400e-01    4.240000e-06
  6.315100e-01    4.410000e-06
  6.318700e-01    4.240000e-06
  6.322400e-01    4.260000e-06
  6.326100e-01    4.090000e-06
  6.329700e-01    3.730000e-06
  6.333400e-01    2.131900e-04
  6.337100e-01    1.133600e-04
  6.340700e-01    4.570000e-06
  6.344400e-01    4.180000e-06
  6.348000e-01    4.270000e-06
  6.351700e-01    4.350000e-06
  6.355400e-01    4.560000e-06
  6.359000e-01    4.190000e-06
  6.362700e-01    3.900000e-06
  6.366400e-01    3.780000e-06
  6.370000e-01    3.960000e-06
  6.373700e-01    3.610000e-06
  6.377300e-01    3.870000e-06
  6.381000e-01    3.870000e-06
  6.384700e-01    4.090000e-06
  6.388300e-01    3.850000e-06
  6.392000e-01    3.620000e-06
  6.395700e-01    4.200000e-06
  6.399300e-01    3.540000e-06
  6.403000e-01    3.800000e-06
  6.406700e-01    3.800000e-06
  6.410300e-01    3.390000e-06
  6.414000e-01    3.920000e-06
  6.417600e-01    3.900000e-06
  6.421300e-01    3.500000e-06
  6.425000e-01    3.550000e-06
  6.428600e-01    3.710000e-06
  6.432300e-01    3.800000e-06
  6.436000e-01    3.680000e-06
  6.439600e-01    3.770000e-06
  6.443300e-01    3.660000e-06
  6.446900e-01    3.810000e-06
  6.450600e-01    3.490000e-06
  6.454300e-01    3.530000e-06
  6.457900e-01    3.200000e-06
  6.461600e-01    3.320000e-06
  6.465300e-01    3.800000e-06
  6.468900e-01    3.740000e-06
  6.472600e-01    3.560000e-06
  6.476200e-01    3.510000e-06
  6.479900e-01    3.440000e-06
  6.483600e-01    3.660000e-06
  6.487200e-01    3.380000e-06
  6.490900e-01    3.750000e-06
  6.494600e-01    3.330000e-06
  6.498200e-01    3.450000e-06
  6.501900e-01    3.540000e-06
  6.505600e-01    3.200000e-06
  6.509200e-01    3.260000e-06
  6.512900e-01    3.850000e-06
  6.516500e-01    3.470000e-06
  6.520200e-01    3.380000e-06
  6.523900e-01    3.670000e-06
  6.527500e-01    3.420000e-06
  6.531200e-01    3.310000e-06
  6.534900e-01    3.030000e-06
  6.538500e-01    3.420000e-06
  6.542200e-01    3.240000e-06
  6.545800e-01    3.030000e-06
  6.549500e-01    3.350000e-06
  6.553200e-01    3.370000e-06
  6.556800e-01    3.170000e-06
  6.560500e-01    3.370000e-06
  6.564200e-01    3.200000e-06
  6.567800e-01    3.140000e-06
  6.571500e-01    3.300000e-06
  6.575100e-01    3.240000e-06
  6.578800e-01    4.050000e-06
  6.582500e-01    3.720000e-06
  6.586100e-01    3.470000e-06
  6.589800e-01    4.610000e-06
  6.593500e-01    4.930000e-06
  6.597100e-01    4.280000e-06
  6.600800e-01    3.680000e-06
  6.604500e-01    3.480000e-06
  6.608100e-01    3.180000e-06
  6.611800e-01    2.980000e-06
  6.615400e-01    2.370000e-06
  6.619100e-01    1.036290e-01
  6.622800e-01    0.000000e+00
  6.626400e-01    0.000000e+00
  6.630100e-01    0.000000e+00
  6.633800e-01    0.000000e+00
  6.637400e-01    0.000000e+00
  6.641100e-01    0.000000e+00
  6.644700e-01    0.000000e+00
  6.648400e-01    0.000000e+00
  6.652100e-01    0.000000e+00
  6.655700e-01    0.000000e+00
  6.659400e-01    0.000000e+00
  6.663100e-01    0.000000e+00
  6.666700e-01    0.000000e+00
  6.670400e-01    0.000000e+00
  6.674000e-01    0.000000e+00
  6.677700e-01    0.000000e+00
  6.681400e-01    0.000000e+00
  6.685000e-01    0.000000e+00
  6.688700e-01    0.000000e+00
  6.692400e-01    0.000000e+00
  6.696000e-01    0.000000e+00
  6.699700e-01    0.000000e+00
  6.703400e-01    0.000000e+00
  6.707000e-01    0.000000e+00
  6.710700e-01    0.000000e+00
  6.714300e-01    0.000000e+00
  6.718000e-01    0.000000e+00
  6.721700e-01    0.000000e+00
  6.725300e-01    0.000000e+00
  6.729000e-01    0.000000e+00
  6.732700e-01    0.000000e+00
  6.736300e-01    0.000000e+00
  6.740000e-01    0.000000e+00
  6.743600e-01    0.000000e+00
  6.747300e-01    0.000000e+00
  6.751000e-01    0.000000e+00
  6.754600e-01    0.000000e+00
  6.758300e-01    0.000000e+00
  6.762000e-01    0.000000e+00
  6.765600e-01    0.000000e+00
  6.769300e-01    0.000000e+00
  6.772900e-01    0.000000e+00
  6.776600e-01    0.000000e+00
  6.780300e-01    0.000000e+00
  6.783900e-01    0.000000e+00
  6.787600e-01    0.000000e+00
  6.791300e-01    0.000000e+00
  6.794900e-01    0.000000e+00
  6.798600e-01    0.000000e+00
  6.802300e-01    0.000000e+00
  6.805900e-01    0.000000e+00
  6.809600e-01    0.000000e+00
  6.813200e-01    0.000000e+00
  6.816900e-01    0.000000e+00
  6.820600e-01    0.000000e+00
  6.824200e-01    0.000000e+00
  6.827900e-01    0.000000e+00
  6.831600e-01    0.000000e+00
  6.835200e-01    0.000000e+00
  6.838900e-01    0.000000e+00
  6.842500e-01    0.000000e+00
  6.846200e-01    0.000000e+00
  6.849900e-01    0.000000e+00
  6.853500e-01    0.000000e+00
  6.857200e-01    0.000000e+00
  6.860900e-01    0.000000e+00
  6.864500e-01    0.000000e+00
  6.868200e-01    0.000000e+00
  6.871800e-01    0.000000e+00
  6.875500e-01    0.000000e+00
  6.879200e-01    0.000000e+00
  6.882800e-01    0.000000e+00
  6.886500e-01    0.000000e+00
  6.890200e-01    0.000000e+00
  6.893800e-01    0.000000e+00
  6.897500e-01    0.000000e+00
  6.901200e-01    0.000000e+00
  6.904800e-01    0.000000e+00
  6.908500e-01    0.000000e+00
  6.912100e-01    0.000000e+00
  6.915800e-01    0.000000e+00
  6.919500e-01    0.000000e+00
  6.923100e-01    0.000000e+00
  6.926800e-01    0.000000e+00
  6.930500e-01    0.000000e+00
  6.934100e-01    0.000000e+00
  6.937800e-01    0.000000e+00
  6.941400e-01    0.000000e+00
  6.945100e-01    0.000000e+00
  6.948800e-01    0.000000e+00
  6.952400e-01    0.000000e+00
  6.956100e-01    0.000000e+00
  6.959800e-01    0.000000e+00
  6.963400e-01    0.000000e+00
  6.967100e-01    0.000000e+00
  6.970700e-01    0.000000e+00
  6.974400e-01    0.000000e+00
  6.978100e-01    0.000000e+00
  6.981700e-01    0.000000e+00
  6.985400e-01    0.000000e+00
  6.989100e-01    0.000000e+00
  6.992700e-01    0.000000e+00
  6.996400e-01    0.000000e+00
  7.000100e-01    0.000000e+00
  7.003700e-01    0.000000e+00
  7.007400e-01    0.000000e+00
  7.011000e-01    0.000000e+00
  7.014700e-01    0.000000e+00
  7.018400e-01    0.000000e+00
  7.022000e-01    0.000000e+00
  7.025700e-01    0.000000e+00
  7.029400e-01    0.000000e+00
  7.033000e-01    0.000000e+00
  7.036700e-01    0.000000e+00
  7.040300e-01    0.000000e+00
  7.044000e-01    0.000000e+00
  7.047700e-01    0.000000e+00
  7.051300e-01    0.000000e+00
  7.055000e-01    0.000000e+00
  7.058700e-01    0.000000e+00
  7.062300e-01    0.000000e+00
  7.066000e-01    0.000000e+00
  7.069600e-01    0.000000e+00
  7.073300e-01    0.000000e+00
  7.077000e-01    0.000000e+00
  7.080600e-01    0.000000e+00
  7.084300e-01    0.000000e+00
  7.088000e-01    0.000000e+00
  7.091600e-01    0.000000e+00
  7.095300e-01    0.000000e+00
  7.099000e-01    0.000000e+00
  7.102600e-01    0.000000e+00
  7.106300e-01    0.000000e+00
  7.109900e-01    0.000000e+00
  7.113600e-01    0.000000e+00
  7.117300e-01    0.000000e+00
  7.120900e-01    0.000000e+00
  7.124600e-01    0.000000e+00
  7.128300e-01    0.000000e+00
  7.131900e-01    0.000000e+00
  7.135600e-01    0.000000e+00
  7.139200e-01    0.000000e+00
  7.142900e-01    0.000000e+00
  7.146600e-01    0.000000e+00
  7.150200e-01    0.000000e+00
  7.153900e-01    0.000000e+00
  7.157600e-01    0.000000e+00
  7.161200e-01    0.000000e+00
  7.164900e-01    0.000000e+00
  7.168600e-01    0.000000e+00
  7.172200e-01    0.000000e+00
  7.175900e-01    0.000000e+00
  7.179500e-01    0.000000e+00
  7.183200e-01    0.000000e+00
  7.186900e-01    0.000000e+00
  7.190500e-01    0.000000e+00
  7.194200e-01    0.000000e+00
  7.197900e-01    0.000000e+00
  7.201500e-01    0.000000e+00
  7.205200e-01    0.000000e+00
  7.208800e-01    0.000000e+00
  7.212500e-01    0.000000e+00
  7.216200e-01    0.000000e+00
  7.219800e-01    0.000000e+00
  7.223500e-01    0.000000e+00
  7.227200e-01    0.000000e+00
  7.230800e-01    0.000000e+00
  7.234500e-01    0.000000e+00
  7.238100e-01    0.000000e+00
  7.241800e-01    0.000000e+00
  7.245500e-01    0.000000e+00
  7.249100e-01    0.000000e+00
  7.252800e-01    0.000000e+00
  7.256500e-01    0.000000e+00
  7.260100e-01    0.000000e+00
  7.263800e-01    0.000000e+00
  7.267500e-01    0.000000e+00
  7.271100e-01    0.000000e+00
  7.274800e-01    0.000000e+00
  7.278400e-01    0.000000e+00
  7.282100e-01    0.000000e+00
  7.285800e-01    0.000000e+00
  7.289400e-01    0.000000e+00
  7.293100e-01    0.000000e+00
  7.296800e-01    0.000000e+00
  7.300400e-01    0.000000e+00
  7.304100e-01    0.000000e+00
  7.307700e-01    0.000000e+00
  7.311400e-01    0.000000e+00
  7.315100e-01    0.000000e+00
  7.318700e-01    0.000000e+00
  7.322400e-01    0.000000e+00
  7.326100e-01    0.000000e+00
  7.329700e-01    0.000000e+00
  7.333400e-01    0.000000e+00
  7.337000e-01    0.000000e+00
  7.340700e-01    0.000000e+00
  7.344400e-01    0.000000e+00
  7.348000e-01    0.000000e+00
  7.351700e-01    0.000000e+00
  7.355400e-01    0.000000e+00
  7.359000e-01    0.000000e+00
  7.362700e-01    0.000000e+00
  7.366400e-01    0.000000e+00
  7.370000e-01    0.000000e+00
  7.373700e-01    0.000000e+00
  7.377300e-01    0.000000e+00
  7.381000e-01    0.000000e+00
  7.384700e-01    0.000000e+00
  7.388300e-01    0.000000e+00
  7.392000e-01    0.000000e+00
  7.395700e-01    0.000000e+00
  7.399300e-01    0.000000e+00
  7.403000e-01    0.000000e+00
  7.406600e-01    0.000000e+00
  7.410300e-01    0.000000e+00
  7.414000e-01    0.000000e+00
  7.417600e-01    0.000000e+00
  7.421300e-01    0.000000e+00
  7.425000e-01    0.000000e+00
  7.428600e-01    0.000000e+00
  7.432300e-01    0.000000e+00
  7.435900e-01    0.000000e+00
  7.439600e-01    0.000000e+00
  7.443300e-01    0.000000e+00
  7.446900e-01    0.000000e+00
  7.450600e-01    0.000000e+00
  7.454300e-01    0.000000e+00
  7.457900e-01    0.000000e+00
  7.461600e-01    0.000000e+00
  7.465300e-01    0.000000e+00
  7.468900e-01    0.000000e+00
  7.472600e-01    0.000000e+00
  7.476200e-01    0.000000e+00
  7.479900e-01    0.000000e+00
  7.483600e-01    0.000000e+00
  7.487200e-01    0.000000e+00
  7.490900e-01    0.000000e+00
  7.494600e-01    0.000000e+00
  7.498200e-01    0.000000e+00
  7.501900e-01    0.000000e+00
  7.505500e-01    0.000000e+00
  7.509200e-01    0.000000e+00
  7.512900e-01    0.000000e+00
  7.516500e-01    0.000000e+00
  7.520200e-01    0.000000e+00
  7.523900e-01    0.000000e+00
  7.527500e-01    0.000000e+00
  7.531200e-01    0.000000e+00
  7.534800e-01    0.000000e+00
  7.538500e-01    0.000000e+00
  7.542200e-01    0.000000e+00
  7.545800e-01    0.000000e+00
  7.549500e-01    0.000000e+00
  7.553200e-01    0.000000e+00
  7.556800e-01    0.000000e+00
  7.560500e-01    0.000000e+00
  7.564200e-01    0.000000e+00
  7.567800e-01    0.000000e+00
  7.571500e-01    0.000000e+00
  7.575100e-01    0.000000e+00
  7.578800e-01    0.000000e+00
  7.582500e-01    0.000000e+00
  7.586100e-01    0.000000e+00
  7.589800e-01    0.000000e+00
  7.593500e-01    0.000000e+00
  7.597100e-01    0.000000e+00
  7.600800e-01    0.000000e+00
  7.604400e-01    0.000000e+00
  7.608100e-01    0.000000e+00
  7.611800e-01    0.000000e+00
  7.615400e-01    0.000000e+00
  7.619100e-01    0.000000e+00
  7.622800e-01    0.000000e+00
  7.626400e-01    0.000000e+00
  7.630100e-01    0.000000e+00
  7.633700e-01    0.000000e+00
  7.637400e-01    0.000000e+00
  7.641100e-01    0.000000e+00
  7.644700e-01    0.000000e+00
  7.648400e-01    0.000000e+00
  7.652100e-01    0.000000e+00
  7.655700e-01    0.000000e+00
  7.659400e-01    0.000000e+00
  7.663100e-01    0.000000e+00
  7.666700e-01    0.000000e+00
  7.670400e-01    0.000000e+00
  7.674000e-01    0.000000e+00
  7.677700e-01    0.000000e+00
  7.681400e-01    0.000000e+00
  7.685000e-01    0.000000e+00
  7.688700e-01    0.000000e+00
  7.692400e-01    0.000000e+00
  7.696000e-01    0.000000e+00
  7.699700e-01    0.000000e+00
  7.703300e-01    0.000000e+00
  7.707000e-01    0.000000e+00
  7.710700e-01    0.000000e+00
  7.714300e-01    0.000000e+00
  7.718000e-01    0.000000e+00
  7.721700e-01    0.000000e+00
  7.725300e-01    0.000000e+00
  7.729000e-01    0.000000e+00
  7.732600e-01    0.000000e+00
  7.736300e-01    0.000000e+00
  7.740000e-01    0.000000e+00
  7.743600e-01    0.000000e+00
  7.747300e-01    0.000000e+00
  7.751000e-01    0.000000e+00
  7.754600e-01    0.000000e+00
  7.758300e-01    0.000000e+00
  7.762000e-01    0.000000e+00
  7.765600e-01    0.000000e+00
  7.769300e-01    0.000000e+00
  7.772900e-01    0.000000e+00
  7.776600e-01    0.000000e+00
  7.780300e-01    0.000000e+00
  7.783900e-01    0.000000e+00
  7.787600e-01    0.000000e+00
  7.791300e-01    0.000000e+00
  7.794900e-01    0.000000e+00
  7.798600e-01    0.000000e+00
  7.802200e-01    0.000000e+00
  7.805900e-01    0.000000e+00
  7.809600e-01    0.000000e+00
  7.813200e-01    0.000000e+00
  7.816900e-01    0.000000e+00
  7.820600e-01    0.000000e+00
  7.824200e-01    0.000000e+00
  7.827900e-01    0.000000e+00
  7.831500e-01    0.000000e+00
  7.835200e-01    0.000000e+00
  7.838900e-01    0.000000e+00
  7.842500e-01    0.000000e+00
  7.846200e-01    0.000000e+00
  7.849900e-01    0.000000e+00
  7.853500e-01    0.000000e+00
  7.857200e-01    0.000000e+00
  7.860900e-01    0.000000e+00
  7.864500e-01    0.000000e+00
  7.868200e-01    0.000000e+00
  7.871800e-01    0.000000e+00
  7.875500e-01    0.000000e+00
  7.879200e-01    0.000000e+00
  7.882800e-01    0.000000e+00
  7.886500e-01    0.000000e+00
  7.890200e-01    0.000000e+00
  7.893800e-01    0.000000e+00
  7.897500e-01    0.000000e+00
  7.901100e-01    0.000000e+00
  7.904800e-01    0.000000e+00
  7.908500e-01    0.000000e+00
  7.912100e-01    0.000000e+00
  7.915800e-01    0.000000e+00
  7.919500e-01    0.000000e+00
  7.923100e-01    0.000000e+00
  7.926800e-01    0.000000e+00
  7.930500e-01    0.000000e+00
  7.934100e-01    0.000000e+00
  7.937800e-01    0.000000e+00
  7.941400e-01    0.000000e+00
  7.945100e-01    0.000000e+00
  7.948800e-01    0.000000e+00
  7.952400e-01    0.000000e+00
  7.956100e-01    0.000000e+00
  7.959800e-01    0.000000e+00
  7.963400e-01    0.000000e+00
  7.967100e-01    0.000000e+00
  7.970700e-01    0.000000e+00
  7.974400e-01    0.000000e+00
  7.978100e-01    0.000000e+00
  7.981700e-01    0.000000e+00
  7.985400e-01    0.000000e+00
  7.989100e-01    0.000000e+00
  7.992700e-01    0.000000e+00
  7.996400e-01    0.000000e+00
  8.000000e-01    0.000000e+00
  8.003700e-01    0.000000e+00
  8.007400e-01    0.000000e+00
  8.011000e-01    0.000000e+00
  8.014700e-01    0.000000e+00
  8.018400e-01    0.000000e+00
  8.022000e-01    0.000000e+00
  8.025700e-01    0.000000e+00
  8.029400e-01    0.000000e+00
  8.033000e-01    0.000000e+00
  8.036700e-01    0.000000e+00
  8.040300e-01    0.000000e+00
  8.044000e-01    0.000000e+00
  8.047700e-01    0.000000e+00
  8.051300e-01    0.000000e+00
  8.055000e-01    0.000000e+00
  8.058700e-01    0.000000e+00
  8.062300e-01    0.000000e+00
  8.066000e-01    0.000000e+00
  8.069600e-01    0.000000e+00
  8.073300e-01    0.000000e+00
  8.077000e-01    0.000000e+00
  8.080600e-01    0.000000e+00
  8.084300e-01    0.000000e+00
  8.088000e-01    0.000000e+00
  8.091600e-01    0.000000e+00
  8.095300e-01    0.000000e+00
  8.098900e-01    0.000000e+00
  8.102600e-01    0.000000e+00
  8.106300e-01    0.000000e+00
  8.109900e-01    0.000000e+00
  8.113600e-01    0.000000e+00
  8.117300e-01    0.000000e+00
  8.120900e-01    0.000000e+00
  8.124600e-01    0.000000e+00
  8.128300e-01    0.000000e+00
  8.131900e-01    0.000000e+00
  8.135600e-01    0.000000e+00
  8.139200e-01    0.000000e+00
  8.142900e-01    0.000000e+00
  8.146600e-01    0.000000e+00
  8.150200e-01    0.000000e+00
  8.153900e-01    0.000000e+00
  8.157600e-01    0.000000e+00
  8.161200e-01    0.000000e+00
  8.164900e-01    0.000000e+00
  8.168500e-01    0.000000e+00
  8.172200e-01    0.000000e+00
  8.175900e-01    0.000000e+00
  8.179500e-01    0.000000e+00
  8.183200e-01    0.000000e+00
  8.186900e-01    0.000000e+00
  8.190500e-01    0.000000e+00
  8.194200e-01    0.000000e+00
  8.197800e-01    0.000000e+00
  8.201500e-01    0.000000e+00
  8.205200e-01    0.000000e+00
  8.208800e-01    0.000000e+00
  8.212500e-01    0.000000e+00
  8.216200e-01    0.000000e+00
  8.219800e-01    0.000000e+00
  8.223500e-01    0.000000e+00
  8.227200e-01    0.000000e+00
  8.230800e-01    0.000000e+00
  8.234500e-01    0.000000e+00
  8.238100e-01    0.000000e+00
  8.241800e-01    0.000000e+00
  8.245500e-01    0.000000e+00
  8.249100e-01    0.000000e+00
  8.252800e-01    0.000000e+00
  8.256500e-01    0.000000e+00
  8.260100e-01    0.000000e+00
  8.263800e-01    0.000000e+00
  8.267400e-01    0.000000e+00
  8.271100e-01    0.000000e+00
  8.274800e-01    0.000000e+00
  8.278400e-01    0.000000e+00
  8.282100e-01    0.000000e+00
  8.285800e-01    0.000000e+00
  8.289400e-01    0.000000e+00
  8.293100e-01    0.000000e+00
  8.296700e-01    0.000000e+00
  8.300400e-01    0.000000e+00
  8.304100e-01    0.000000e+00
  8.307700e-01    0.000000e+00
  8.311400e-01    0.000000e+00
  8.315100e-01    0.000000e+00
  8.318700e-01    0.000000e+00
  8.322400e-01    0.000000e+00
  8.326100e-01    0.000000e+00
  8.329700e-01    0.000000e+00
  8.333400e-01    0.000000e+00
  8.337000e-01    0.000000e+00
  8.340700e-01    0.000000e+00
  8.344400e-01    0.000000e+00
  8.348000e-01    0.000000e+00
  8.351700e-01    0.000000e+00
  8.355400e-01    0.000000e+00
  8.359000e-01    0.000000e+00
  8.362700e-01    0.000000e+00
  8.366300e-01    0.000000e+00
  8.370000e-01    0.000000e+00
  8.373700e-01    0.000000e+00
  8.377300e-01    0.000000e+00
  8.381000e-01    0.000000e+00
  8.384700e-01    0.000000e+00
  8.388300e-01    0.000000e+00
  8.392000e-01    0.000000e+00
  8.395600e-01    0.000000e+00
  8.399300e-01    0.000000e+00
  8.403000e-01    0.000000e+00
  8.406600e-01    0.000000e+00
  8.410300e-01    0.000000e+00
  8.414000e-01    0.000000e+00
  8.417600e-01    0.000000e+00
  8.421300e-01    0.000000e+00
  8.425000e-01    0.000000e+00
  8.428600e-01    0.000000e+00
  8.432300e-01    0.000000e+00
  8.435900e-01    0.000000e+00
  8.439600e-01    0.000000e+00
  8.443300e-01    0.000000e+00
  8.446900e-01    0.000000e+00
  8.450600e-01    0.000000e+00
  8.454300e-01    0.000000e+00
  8.457900e-01    0.000000e+00
  8.461600e-01    0.000000e+00
  8.465200e-01    0.000000e+00
  8.468900e-01    0.000000e+00
  8.472600e-01    0.000000e+00
  8.476200e-01    0.000000e+00
  8.479900e-01    0.000000e+00
  8.483600e-01    0.000000e+00
  8.487200e-01    0.000000e+00
  8.490900e-01    0.000000e+00
  8.494500e-01    0.000000e+00
  8.498200e-01    0.000000e+00
  8.501900e-01    0.000000e+00
  8.505500e-01    0.000000e+00
  8.509200e-01    0.000000e+00
  8.512900e-01    0.000000e+00
  8.516500e-01    0.000000e+00
  8.520200e-01    0.000000e+00
  8.523900e-01    0.000000e+00
  8.527500e-01    0.000000e+00
  8.531200e-01    0.000000e+00
  8.534800e-01    0.000000e+00
  8.538500e-01    0.000000e+00
  8.542200e-01    0.000000e+00
  8.545800e-01    0.000000e+00
  8.549500e-01    0.000000e+00
  8.553200e-01    0.000000e+00
  8.556800e-01    0.000000e+00
  8.560500e-01    0.000000e+00
  8.564100e-01    0.000000e+00
  8.567800e-01    0.000000e+00
  8.571500e-01    0.000000e+00
  8.575100e-01    0.000000e+00
  8.578800e-01    0.000000e+00
  8.582500e-01    0.000000e+00
  8.586100e-01    0.000000e+00
  8.589800e-01    0.000000e+00
  8.593400e-01    0.000000e+00
  8.597100e-01    0.000000e+00
  8.600800e-01    0.000000e+00
  8.604400e-01    0.000000e+00
  8.608100e-01    0.000000e+00
  8.611800e-01    0.000000e+00
  8.615400e-01    0.000000e+00
  8.619100e-01    0.000000e+00
  8.622800e-01    0.000000e+00
  8.626400e-01    0.000000e+00
  8.630100e-01    0.000000e+00
  8.633700e-01    0.000000e+00
  8.637400e-01    0.000000e+00
  8.641100e-01    0.000000e+00
  8.644700e-01    0.000000e+00
  8.648400e-01    0.000000e+00
  8.652100e-01    0.000000e+00
  8.655700e-01    0.000000e+00
  8.659400e-01    0.000000e+00
  8.663000e-01    0.000000e+00
  8.666700e-01    0.000000e+00
  8.670400e-01    0.000000e+00
  8.674000e-01    0.000000e+00
  8.677700e-01    0.000000e+00
  8.681400e-01    0.000000e+00
  8.685000e-01    0.000000e+00
  8.688700e-01    0.000000e+00
  8.692300e-01    0.000000e+00
  8.696000e-01    0.000000e+00
  8.699700e-01    0.000000e+00
  8.703300e-01    0.000000e+00
  8.707000e-01    0.000000e+00
  8.710700e-01    0.000000e+00
  8.714300e-01    0.000000e+00
  8.718000e-01    0.000000e+00
  8.721700e-01    0.000000e+00
  8.725300e-01    0.000000e+00
  8.729000e-01    0.000000e+00
  8.732600e-01    0.000000e+00
  8.736300e-01    0.000000e+00
  8.740000e-01    0.000000e+00
  8.743600e-01    0.000000e+00
  8.747300e-01    0.000000e+00
  8.751000e-01    0.000000e+00
  8.754600e-01    0.000000e+00
  8.758300e-01    0.000000e+00
  8.761900e-01    0.000000e+00
  8.765600e-01    0.000000e+00
  8.769300e-01    0.000000e+00
  8.772900e-01    0.000000e+00
  8.776600e-01    0.000000e+00
  8.780300e-01    0.000000e+00
  8.783900e-01    0.000000e+00
  8.787600e-01    0.000000e+00
  8.791300e-01    0.000000e+00
  8.794900e-01    0.000000e+00
  8.798600e-01    0.000000e+00
  8.802200e-01    0.000000e+00
  8.805900e-01    0.000000e+00
  8.809600e-01    0.000000e+00
  8.813200e-01    0.000000e+00
  8.816900e-01    0.000000e+00
  8.820600e-01    0.000000e+00
  8.824200e-01    0.000000e+00
  8.827900e-01    0.000000e+00
  8.831500e-01    0.000000e+00
  8.835200e-01    0.000000e+00
  8.838900e-01    0.000000e+00
  8.842500e-01    0.000000e+00
  8.846200e-01    0.000000e+00
  8.849900e-01    0.000000e+00
  8.853500e-01    0.000000e+00
  8.857200e-01    0.000000e+00
  8.860800e-01    0.000000e+00
  8.864500e-01    0.000000e+00
  8.868200e-01    0.000000e+00
  8.871800e-01    0.000000e+00
  8.875500e-01    0.000000e+00
  8.879200e-01    0.000000e+00
  8.882800e-01    0.000000e+00
  8.886500e-01    0.000000e+00
  8.890200e-01    0.000000e+00
  8.893800e-01    0.000000e+00
  8.897500e-01    0.000000e+00
  8.901100e-01    0.000000e+00
  8.904800e-01    0.000000e+00
  8.908500e-01    0.000000e+00
  8.912100e-01    0.000000e+00
  8.915800e-01    0.000000e+00
  8.919500e-01    0.000000e+00
  8.923100e-01    0.000000e+00
  8.926800e-01    0.000000e+00
  8.930400e-01    0.000000e+00
  8.934100e-01    0.000000e+00
  8.937800e-01    0.000000e+00
  8.941400e-01    0.000000e+00
  8.945100e-01    0.000000e+00
  8.948800e-01    0.000000e+00
  8.952400e-01    0.000000e+00
  8.956100e-01    0.000000e+00
  8.959700e-01    0.000000e+00
  8.963400e-01    0.000000e+00
  8.967100e-01    0.000000e+00
  8.970700e-01    0.000000e+00
  8.974400e-01    0.000000e+00
  8.978100e-01    0.000000e+00
  8.981700e-01    0.000000e+00
  8.985400e-01    0.000000e+00
  8.989100e-01    0.000000e+00
  8.992700e-01    0.000000e+00
  8.996400e-01    0.000000e+00
  9.000000e-01    0.000000e+00
  9.003700e-01    0.000000e+00
  9.007400e-01    0.000000e+00
  9.011000e-01    0.000000e+00
  9.014700e-01    0.000000e+00
  9.018400e-01    0.000000e+00
  9.022000e-01    0.000000e+00
  9.025700e-01    0.000000e+00
  9.029300e-01    0.000000e+00
  9.033000e-01    0.000000e+00
  9.036700e-01    0.000000e+00
  9.040300e-01    0.000000e+00
  9.044000e-01    0.000000e+00
  9.047700e-01    0.000000e+00
  9.051300e-01    0.000000e+00
  9.055000e-01    0.000000e+00
  9.058600e-01    0.000000e+00
  9.062300e-01    0.000000e+00
  9.066000e-01    0.000000e+00
  9.069600e-01    0.000000e+00
  9.073300e-01    0.000000e+00
  9.077000e-01    0.000000e+00
  9.080600e-01    0.000000e+00
  9.084300e-01    0.000000e+00
  9.088000e-01    0.000000e+00
  9.091600e-01    0.000000e+00
  9.095300e-01    0.000000e+00
  9.098900e-01    0.000000e+00
  9.102600e-01    0.000000e+00
  9.106300e-01    0.000000e+00
  9.109900e-01    0.000000e+00
  9.113600e-01    0.000000e+00
  9.117300e-01    0.000000e+00
  9.120900e-01    0.000000e+00
  9.124600e-01    0.000000e+00
  9.128200e-01    0.000000e+00
  9.131900e-01    0.000000e+00
  9.135600e-01    0.000000e+00
  9.139200e-01    0.000000e+00
  9.142900e-01    0.000000e+00
  9.146600e-01    0.000000e+00
  9.150200e-01    0.000000e+00
  9.153900e-01    0.000000e+00
  9.157500e-01    0.000000e+00
  9.161200e-01    0.000000e+00
  9.164900e-01    0.000000e+00
  9.168500e-01    0.000000e+00
  9.172200e-01    0.000000e+00
  9.175900e-01    0.000000e+00
  9.179500e-01    0.000000e+00
  9.183200e-01    0.000000e+00
  9.186900e-01    0.000000e+00
  9.190500e-01    0.000000e+00
  9.194200e-01    0.000000e+00
  9.197800e-01    0.000000e+00
  9.201500e-01    0.000000e+00
  9.205200e-01    0.000000e+00
  9.208800e-01    0.000000e+00
  9.212500e-01    0.000000e+00
  9.216200e-01    0.000000e+00
  9.219800e-01    0.000000e+00
  9.223500e-01    0.000000e+00
  9.227100e-01    0.000000e+00
  9.230800e-01    0.000000e+00
  9.234500e-01    0.000000e+00
  9.238100e-01    0.000000e+00
  9.241800e-01    0.000000e+00
  9.245500e-01    0.000000e+00
  9.249100e-01    0.000000e+00
  9.252800e-01    0.000000e+00
  9.256400e-01    0.000000e+00
  9.260100e-01    0.000000e+00
  9.263800e-01    0.000000e+00
  9.267400e-01    0.000000e+00
  9.271100e-01    0.000000e+00
  9.274800e-01    0.000000e+00
  9.278400e-01    0.000000e+00
  9.282100e-01    0.000000e+00
  9.285800e-01    0.000000e+00
  9.289400e-01    0.000000e+00
  9.293100e-01    0.000000e+00
  9.296700e-01    0.000000e+00
  9.300400e-01    0.000000e+00
  9.304100e-01    0.000000e+00
  9.307700e-01    0.000000e+00
  9.311400e-01    0.000000e+00
  9.315100e-01    0.000000e+00
  9.318700e-01    0.000000e+00
  9.322400e-01    0.000000e+00
  9.326000e-01    0.000000e+00
  9.329700e-01    0.000000e+00
  9.333400e-01    0.000000e+00
  9.337000e-01    0.000000e+00
  9.340700e-01    0.000000e+00
  9.344400e-01    0.000000e+00
  9.348000e-01    0.000000e+00
  9.351700e-01    0.000000e+00
  9.355300e-01    0.000000e+00
  9.359000e-01    0.000000e+00
  9.362700e-01    0.000000e+00
  9.366300e-01    0.000000e+00
  9.370000e-01    0.000000e+00
  9.373700e-01    0.000000e+00
  9.377300e-01    0.000000e+00
  9.381000e-01    0.000000e+00
  9.384700e-01    0.000000e+00
  9.388300e-01    0.000000e+00
  9.392000e-01    0.000000e+00
  9.395600e-01    0.000000e+00
  9.399300e-01    0.000000e+00
  9.403000e-01    0.000000e+00
  9.406600e-01    0.000000e+00
  9.410300e-01    0.000000e+00
  9.414000e-01    0.000000e+00
  9.417600e-01    0.000000e+00
  9.421300e-01    0.000000e+00
  9.424900e-01    0.000000e+00
  9.428600e-01    0.000000e+00
  9.432300e-01    0.000000e+00
  9.435900e-01    0.000000e+00
  9.439600e-01    0.000000e+00
  9.443300e-01    0.000000e+00
  9.446900e-01    0.000000e+00
  9.450600e-01    0.000000e+00
  9.454200e-01    0.000000e+00
  9.457900e-01    0.000000e+00
  9.461600e-01    0.000000e+00
  9.465200e-01    0.000000e+00
  9.468900e-01    0.000000e+00
  9.472600e-01    0.000000e+00
  9.476200e-01    0.000000e+00
  9.479900e-01    0.000000e+00
  9.483600e-01    0.000000e+00
  9.487200e-01    0.000000e+00
  9.490900e-01    0.000000e+00
  9.494500e-01    0.000000e+00
  9.498200e-01    0.000000e+00
  9.501900e-01    0.000000e+00
  9.505500e-01    0.000000e+00
  9.509200e-01    0.000000e+00
  9.512900e-01    0.000000e+00
  9.516500e-01    0.000000e+00
  9.520200e-01    0.000000e+00
  9.523800e-01    0.000000e+00
  9.527500e-01    0.000000e+00
  9.531200e-01    0.000000e+00
  9.534800e-01    0.000000e+00
  9.538500e-01    0.000000e+00
  9.542200e-01    0.000000e+00
  9.545800e-01    0.000000e+00
  9.549500e-01    0.000000e+00
  9.553100e-01    0.000000e+00
  9.556800e-01    0.000000e+00
  9.560500e-01    0.000000e+00
  9.564100e-01    0.000000e+00
  9.567800e-01    0.000000e+00
  9.571500e-01    0.000000e+00
  9.575100e-01    0.000000e+00
  9.578800e-01    0.000000e+00
  9.582500e-01    0.000000e+00
  9.586100e-01    0.000000e+00
  9.589800e-01    0.000000e+00
  9.593400e-01    0.000000e+00
  9.597100e-01    0.000000e+00
  9.600800e-01    0.000000e+00
  9.604400e-01    0.000000e+00
  9.608100e-01    0.000000e+00
  9.611800e-01    0.000000e+00
  9.615400e-01    0.000000e+00
  9.619100e-01    0.000000e+00
  9.622700e-01    0.000000e+00
  9.626400e-01    0.000000e+00
  9.630100e-01    0.000000e+00
  9.633700e-01    0.000000e+00
  9.637400e-01    0.000000e+00
  9.641100e-01    0.000000e+00
  9.644700e-01    0.000000e+00
  9.648400e-01    0.000000e+00
  9.652100e-01    0.000000e+00
  9.655700e-01    0.000000e+00
  9.659400e-01    0.000000e+00
  9.663000e-01    0.000000e+00
  9.666700e-01    0.000000e+00
  9.670400e-01    0.000000e+00
  9.674000e-01    0.000000e+00
  9.677700e-01    0.000000e+00
  9.681400e-01    0.000000e+00
  9.685000e-01    0.000000e+00
  9.688700e-01    0.000000e+00
  9.692300e-01    0.000000e+00
  9.696000e-01    0.000000e+00
  9.699700e-01    0.000000e+00
  9.703300e-01    0.000000e+00
  9.707000e-01    0.000000e+00
  9.710700e-01    0.000000e+00
  9.714300e-01    0.000000e+00
  9.718000e-01    0.000000e+00
  9.721600e-01    0.000000e+00
  9.725300e-01    0.000000e+00
  9.729000e-01    0.000000e+00
  9.732600e-01    0.000000e+00
  9.736300e-01    0.000000e+00
  9.740000e-01    0.000000e+00
  9.743600e-01    0.000000e+00
  9.747300e-01    0.000000e+00
  9.751000e-01    0.000000e+00
  9.754600e-01    0.000000e+00
  9.758300e-01    0.000000e+00
  9.761900e-01    0.000000e+00
  9.765600e-01    0.000000e+00
  9.769300e-01    0.000000e+00
  9.772900e-01    0.000000e+00
  9.776600e-01    0.000000e+00
  9.780300e-01    0.000000e+00
  9.783900e-01    0.000000e+00
  9.787600e-01    0.000000e+00
  9.791200e-01    0.000000e+00
  9.794900e-01    0.000000e+00
  9.798600e-01    0.000000e+00
  9.802200e-01    0.000000e+00
  9.805900e-01    0.000000e+00
  9.809600e-01    0.000000e+00
  9.813200e-01    0.000000e+00
  9.816900e-01    0.000000e+00
  9.820500e-01    0.000000e+00
  9.824200e-01    0.000000e+00
  9.827900e-01    0.000000e+00
  9.831500e-01    0.000000e+00
  9.835200e-01    0.000000e+00
  9.838900e-01    0.000000e+00
  9.842500e-01    0.000000e+00
  9.846200e-01    0.000000e+00
  9.849900e-01    0.000000e+00
  9.853500e-01    0.000000e+00
  9.857200e-01    0.000000e+00
  9.860800e-01    0.000000e+00
  9.864500e-01    0.000000e+00
  9.868200e-01    0.000000e+00
  9.871800e-01    0.000000e+00
  9.875500e-01    0.000000e+00
  9.879200e-01    0.000000e+00
  9.882800e-01    0.000000e+00
  9.886500e-01    0.000000e+00
  9.890100e-01    0.000000e+00
  9.893800e-01    0.000000e+00
  9.897500e-01    0.000000e+00
  9.901100e-01    0.000000e+00
  9.904800e-01    0.000000e+00
  9.908500e-01    0.000000e+00
  9.912100e-01    0.000000e+00
  9.915800e-01    0.000000e+00
  9.919400e-01    0.000000e+00
  9.923100e-01    0.000000e+00
  9.926800e-01    0.000000e+00
  9.930400e-01    0.000000e+00
  9.934100e-01    0.000000e+00
  9.937800e-01    0.000000e+00
  9.941400e-01    0.000000e+00
  9.945100e-01    0.000000e+00
  9.948800e-01    0.000000e+00
  9.952400e-01    0.000000e+00
  9.956100e-01    0.000000e+00
  9.959700e-01    0.000000e+00
  9.963400e-01    0.000000e+00
  9.967100e-01    0.000000e+00
  9.970700e-01    0.000000e+00
  9.974400e-01    0.000000e+00
  9.978100e-01    0.000000e+00
  9.981700e-01    0.000000e+00
  9.985400e-01    0.000000e+00
  9.989000e-01    0.000000e+00
  9.992700e-01    0.000000e+00
  9.996400e-01    0.000000e+00
  1.000000e+00    0.000000e+00
  1.000400e+00    0.000000e+00
  1.000700e+00    0.000000e+00
  1.001100e+00    0.000000e+00
  1.001500e+00    0.000000e+00
  1.001800e+00    0.000000e+00
  1.002200e+00    0.000000e+00
  1.002600e+00    0.000000e+00
  1.002900e+00    0.000000e+00
  1.003300e+00    0.000000e+00
  1.003700e+00    0.000000e+00
  1.004000e+00    0.000000e+00
  1.004400e+00    0.000000e+00
  1.004800e+00    0.000000e+00
  1.005100e+00    0.000000e+00
  1.005500e+00    0.000000e+00
  1.005900e+00    0.000000e+00
  1.006200e+00    0.000000e+00
  1.006600e+00    0.000000e+00
  1.007000e+00    0.000000e+00
  1.007300e+00    0.000000e+00
  1.007700e+00    0.000000e+00
  1.008100e+00    0.000000e+00
  1.008400e+00    0.000000e+00
  1.008800e+00    0.000000e+00
  1.009200e+00    0.000000e+00
  1.009500e+00    0.000000e+00
  1.009900e+00    0.000000e+00
  1.010300e+00    0.000000e+00
  1.010600e+00    0.000000e+00
  1.011000e+00    0.000000e+00
  1.011400e+00    0.000000e+00
  1.011700e+00    0.000000e+00
  1.012100e+00    0.000000e+00
  1.012500e+00    0.000000e+00
  1.012800e+00    0.000000e+00
  1.013200e+00    0.000000e+00
  1.013600e+00    0.000000e+00
  1.013900e+00    0.000000e+00
  1.014300e+00    0.000000e+00
  1.014700e+00    0.000000e+00
  1.015000e+00    0.000000e+00
  1.015400e+00    0.000000e+00
  1.015800e+00    0.000000e+00
  1.016100e+00    0.000000e+00
  1.016500e+00    0.000000e+00
  1.016900e+00    0.000000e+00
  1.017200e+00    0.000000e+00
  1.017600e+00    0.000000e+00
  1.018000e+00    0.000000e+00
  1.018300e+00    0.000000e+00
  1.018700e+00    0.000000e+00
  1.019100e+00    0.000000e+00
  1.019400e+00    0.000000e+00
  1.019800e+00    0.000000e+00
  1.020100e+00    0.000000e+00
  1.020500e+00    0.000000e+00
  1.020900e+00    0.000000e+00
  1.021200e+00    0.000000e+00
  1.021600e+00    0.000000e+00
  1.022000e+00    0.000000e+00
  1.022300e+00    0.000000e+00
  1.022700e+00    0.000000e+00
  1.023100e+00    0.000000e+00
  1.023400e+00    0.000000e+00
  1.023800e+00    0.000000e+00
  1.024200e+00    0.000000e+00
  1.024500e+00    0.000000e+00
  1.024900e+00    0.000000e+00
  1.025300e+00    0.000000e+00
  1.025600e+00    0.000000e+00
  1.026000e+00    0.000000e+00
  1.026400e+00    0.000000e+00
  1.026700e+00    0.000000e+00
  1.027100e+00    0.000000e+00
  1.027500e+00    0.000000e+00
  1.027800e+00    0.000000e+00
  1.028200e+00    0.000000e+00
  1.028600e+00    0.000000e+00
  1.028900e+00    0.000000e+00
  1.029300e+00    0.000000e+00
  1.029700e+00    0.000000e+00
  1.030000e+00    0.000000e+00
  1.030400e+00    0.000000e+00
  1.030800e+00    0.000000e+00
  1.031100e+00    0.000000e+00
  1.031500e+00    0.000000e+00
  1.031900e+00    0.000000e+00
  1.032200e+00    0.000000e+00
  1.032600e+00    0.000000e+00
  1.033000e+00    0.000000e+00
  1.033300e+00    0.000000e+00
  1.033700e+00    0.000000e+00
  1.034100e+00    0.000000e+00
  1.034400e+00    0.000000e+00
  1.034800e+00    0.000000e+00
  1.035200e+00    0.000000e+00
  1.035500e+00    0.000000e+00
  1.035900e+00    0.000000e+00
  1.036300e+00    0.000000e+00
  1.036600e+00    0.000000e+00
  1.037000e+00    0.000000e+00
  1.037400e+00    0.000000e+00
  1.037700e+00    0.000000e+00
  1.038100e+00    0.000000e+00
  1.038500e+00    0.000000e+00
  1.038800e+00    0.000000e+00
  1.039200e+00    0.000000e+00
  1.039600e+00    0.000000e+00
  1.039900e+00    0.000000e+00
  1.040300e+00    0.000000e+00
  1.040700e+00    0.000000e+00
  1.041000e+00    0.000000e+00
  1.041400e+00    0.000000e+00
  1.041800e+00    0.000000e+00
  1.042100e+00    0.000000e+00
  1.042500e+00    0.000000e+00
  1.042900e+00    0.000000e+00
  1.043200e+00    0.000000e+00
  1.043600e+00    0.000000e+00
  1.044000e+00    0.000000e+00
  1.044300e+00    0.000000e+00
  1.044700e+00    0.000000e+00
  1.045100e+00    0.000000e+00
  1.045400e+00    0.000000e+00
  1.045800e+00    0.000000e+00
  1.046200e+00    0.000000e+00
  1.046500e+00    0.000000e+00
  1.046900e+00    0.000000e+00
  1.047300e+00    0.000000e+00
  1.047600e+00    0.000000e+00
  1.048000e+00    0.000000e+00
  1.048400e+00    0.000000e+00
  1.048700e+00    0.000000e+00
  1.049100e+00    0.000000e+00
  1.049500e+00    0.000000e+00
  1.049800e+00    0.000000e+00
  1.050200e+00    0.000000e+00
  1.050600e+00    0.000000e+00
  1.050900e+00    0.000000e+00
  1.051300e+00    0.000000e+00
  1.051700e+00    0.000000e+00
  1.052000e+00    0.000000e+00
  1.052400e+00    0.000000e+00
  1.052800e+00    0.000000e+00
  1.053100e+00    0.000000e+00
  1.053500e+00    0.000000e+00
  1.053800e+00    0.000000e+00
  1.054200e+00    0.000000e+00
  1.054600e+00    0.000000e+00
  1.054900e+00    0.000000e+00
  1.055300e+00    0.000000e+00
  1.055700e+00    0.000000e+00
  1.056000e+00    0.000000e+00
  1.056400e+00    0.000000e+00
  1.056800e+00    0.000000e+00
  1.057100e+00    0.000000e+00
  1.057500e+00    0.000000e+00
  1.057900e+00    0.000000e+00
  1.058200e+00    0.000000e+00
  1.058600e+00    0.000000e+00
  1.059000e+00    0.000000e+00
  1.059300e+00    0.000000e+00
  1.059700e+00    0.000000e+00
  1.060100e+00    0.000000e+00
  1.060400e+00    0.000000e+00
  1.060800e+00    0.000000e+00
  1.061200e+00    0.000000e+00
  1.061500e+00    0.000000e+00
  1.061900e+00    0.000000e+00
  1.062300e+00    0.000000e+00
  1.062600e+00    0.000000e+00
  1.063000e+00    0.000000e+00
  1.063400e+00    0.000000e+00
  1.063700e+00    0.000000e+00
  1.064100e+00    0.000000e+00
  1.064500e+00    0.000000e+00
  1.064800e+00    0.000000e+00
  1.065200e+00    0.000000e+00
  1.065600e+00    0.000000e+00
  1.065900e+00    0.000000e+00
  1.066300e+00    0.000000e+00
  1.066700e+00    0.000000e+00
  1.067000e+00    0.000000e+00
  1.067400e+00    0.000000e+00
  1.067800e+00    0.000000e+00
  1.068100e+00    0.000000e+00
  1.068500e+00    0.000000e+00
  1.068900e+00    0.000000e+00
  1.069200e+00    0.000000e+00
  1.069600e+00    0.000000e+00
  1.070000e+00    0.000000e+00
  1.070300e+00    0.000000e+00
  1.070700e+00    0.000000e+00
  1.071100e+00    0.000000e+00
  1.071400e+00    0.000000e+00
  1.071800e+00    0.000000e+00
  1.072200e+00    0.000000e+00
  1.072500e+00    0.000000e+00
  1.072900e+00    0.000000e+00
  1.073300e+00    0.000000e+00
  1.073600e+00    0.000000e+00
  1.074000e+00    0.000000e+00
  1.074400e+00    0.000000e+00
  1.074700e+00    0.000000e+00
  1.075100e+00    0.000000e+00
  1.075500e+00    0.000000e+00
  1.075800e+00    0.000000e+00
  1.076200e+00    0.000000e+00
  1.076600e+00    0.000000e+00
  1.076900e+00    0.000000e+00
  1.077300e+00    0.000000e+00
  1.077700e+00    0.000000e+00
  1.078000e+00    0.000000e+00
  1.078400e+00    0.000000e+00
  1.078800e+00    0.000000e+00
  1.079100e+00    0.000000e+00
  1.079500e+00    0.000000e+00
  1.079900e+00    0.000000e+00
  1.080200e+00    0.000000e+00
  1.080600e+00    0.000000e+00
  1.081000e+00    0.000000e+00
  1.081300e+00    0.000000e+00
  1.081700e+00    0.000000e+00
  1.082100e+00    0.000000e+00
  1.082400e+00    0.000000e+00
  1.082800e+00    0.000000e+00
  1.083200e+00    0.000000e+00
  1.083500e+00    0.000000e+00
  1.083900e+00    0.000000e+00
  1.084300e+00    0.000000e+00
  1.084600e+00    0.000000e+00
  1.085000e+00    0.000000e+00
  1.085400e+00    0.000000e+00
  1.085700e+00    0.000000e+00
  1.086100e+00    0.000000e+00
  1.086400e+00    0.000000e+00
  1.086800e+00    0.000000e+00
  1.087200e+00    0.000000e+00
  1.087500e+00    0.000000e+00
  1.087900e+00    0.000000e+00
  1.088300e+00    0.000000e+00
  1.088600e+00    0.000000e+00
  1.089000e+00    0.000000e+00
  1.089400e+00    0.000000e+00
  1.089700e+00    0.000000e+00
  1.090100e+00    0.000000e+00
  1.090500e+00    0.000000e+00
  1.090800e+00    0.000000e+00
  1.091200e+00    0.000000e+00
  1.091600e+00    0.000000e+00
  1.091900e+00    0.000000e+00
  1.092300e+00    0.000000e+00
  1.092700e+00    0.000000e+00
  1.093000e+00    0.000000e+00
  1.093400e+00    0.000000e+00
  1.093800e+00    0.000000e+00
  1.094100e+00    0.000000e+00
  1.094500e+00    0.000000e+00
  1.094900e+00    0.000000e+00
  1.095200e+00    0.000000e+00
  1.095600e+00    0.000000e+00
  1.096000e+00    0.000000e+00
  1.096300e+00    0.000000e+00
  1.096700e+00    0.000000e+00
  1.097100e+00    0.000000e+00
  1.097400e+00    0.000000e+00
  1.097800e+00    0.000000e+00
  1.098200e+00    0.000000e+00
  1.098500e+00    0.000000e+00
  1.098900e+00    0.000000e+00
  1.099300e+00    0.000000e+00
  1.099600e+00    0.000000e+00
  1.100000e+00    0.000000e+00
  1.100400e+00    0.000000e+00
  1.100700e+00    0.000000e+00
  1.101100e+00    0.000000e+00
  1.101500e+00    0.000000e+00
  1.101800e+00    0.000000e+00
  1.102200e+00    0.000000e+00
  1.102600e+00    0.000000e+00
  1.102900e+00    0.000000e+00
  1.103300e+00    0.000000e+00
  1.103700e+00    0.000000e+00
  1.104000e+00    0.000000e+00
  1.104400e+00    0.000000e+00
  1.104800e+00    0.000000e+00
  1.105100e+00    0.000000e+00
  1.105500e+00    0.000000e+00
  1.105900e+00    0.000000e+00
  1.106200e+00    0.000000e+00
  1.106600e+00    0.000000e+00
  1.107000e+00    0.000000e+00
  1.107300e+00    0.000000e+00
  1.107700e+00    0.000000e+00
  1.108100e+00    0.000000e+00
  1.108400e+00    0.000000e+00
  1.108800e+00    0.000000e+00
  1.109200e+00    0.000000e+00
  1.109500e+00    0.000000e+00
  1.109900e+00    0.000000e+00
  1.110300e+00    0.000000e+00
  1.110600e+00    0.000000e+00
  1.111000e+00    0.000000e+00
  1.111400e+00    0.000000e+00
  1.111700e+00    0.000000e+00
  1.112100e+00    0.000000e+00
  1.112500e+00    0.000000e+00
  1.112800e+00    0.000000e+00
  1.113200e+00    0.000000e+00
  1.113600e+00    0.000000e+00
  1.113900e+00    0.000000e+00
  1.114300e+00    0.000000e+00
  1.114700e+00    0.000000e+00
  1.115000e+00    0.000000e+00
  1.115400e+00    0.000000e+00
  1.115800e+00    0.000000e+00
  1.116100e+00    0.000000e+00
  1.116500e+00    0.000000e+00
  1.116900e+00    0.000000e+00
  1.117200e+00    0.000000e+00
  1.117600e+00    0.000000e+00
  1.118000e+00    0.000000e+00
  1.118300e+00    0.000000e+00
  1.118700e+00    0.000000e+00
  1.119100e+00    0.000000e+00
  1.119400e+00    0.000000e+00
  1.119800e+00    0.000000e+00
  1.120100e+00    0.000000e+00
  1.120500e+00    0.000000e+00
  1.120900e+00    0.000000e+00
  1.121200e+00    0.000000e+00
  1.121600e+00    0.000000e+00
  1.122000e+00    0.000000e+00
  1.122300e+00    0.000000e+00
  1.122700e+00    0.000000e+00
  1.123100e+00    0.000000e+00
  1.123400e+00    0.000000e+00
  1.123800e+00    0.000000e+00
  1.124200e+00    0.000000e+00
  1.124500e+00    0.000000e+00
  1.124900e+00    0.000000e+00
  1.125300e+00    0.000000e+00
  1.125600e+00    0.000000e+00
  1.126000e+00    0.000000e+00
  1.126400e+00    0.000000e+00
  1.126700e+00    0.000000e+00
  1.127100e+00    0.000000e+00
  1.127500e+00    0.000000e+00
  1.127800e+00    0.000000e+00
  1.128200e+00    0.000000e+00
  1.128600e+00    0.000000e+00
  1.128900e+00    0.000000e+00
  1.129300e+00    0.000000e+00
  1.129700e+00    0.000000e+00
  1.130000e+00    0.000000e+00
  1.130400e+00    0.000000e+00
  1.130800e+00    0.000000e+00
  1.131100e+00    0.000000e+00
  1.131500e+00    0.000000e+00
  1.131900e+00    0.000000e+00
  1.132200e+00    0.000000e+00
  1.132600e+00    0.000000e+00
  1.133000e+00    0.000000e+00
  1.133300e+00    0.000000e+00
  1.133700e+00    0.000000e+00
  1.134100e+00    0.000000e+00
  1.134400e+00    0.000000e+00
  1.134800e+00    0.000000e+00
  1.135200e+00    0.000000e+00
  1.135500e+00    0.000000e+00
  1.135900e+00    0.000000e+00
  1.136300e+00    0.000000e+00
  1.136600e+00    0.000000e+00
  1.137000e+00    0.000000e+00
  1.137400e+00    0.000000e+00
  1.137700e+00    0.000000e+00
  1.138100e+00    0.000000e+00
  1.138500e+00    0.000000e+00
  1.138800e+00    0.000000e+00
  1.139200e+00    0.000000e+00
  1.139600e+00    0.000000e+00
  1.139900e+00    0.000000e+00
  1.140300e+00    0.000000e+00
  1.140700e+00    0.000000e+00
  1.141000e+00    0.000000e+00
  1.141400e+00    0.000000e+00
  1.141800e+00    0.000000e+00
  1.142100e+00    0.000000e+00
  1.142500e+00    0.000000e+00
  1.142900e+00    0.000000e+00
  1.143200e+00    0.000000e+00
  1.143600e+00    0.000000e+00
  1.144000e+00    0.000000e+00
  1.144300e+00    0.000000e+00
  1.144700e+00    0.000000e+00
  1.145100e+00    0.000000e+00
  1.145400e+00    0.000000e+00
  1.145800e+00    0.000000e+00
  1.146200e+00    0.000000e+00
  1.146500e+00    0.000000e+00
  1.146900e+00    0.000000e+00
  1.147300e+00    0.000000e+00
  1.147600e+00    0.000000e+00
  1.148000e+00    0.000000e+00
  1.148400e+00    0.000000e+00
  1.148700e+00    0.000000e+00
  1.149100e+00    0.000000e+00
  1.149500e+00    0.000000e+00
  1.149800e+00    0.000000e+00
  1.150200e+00    0.000000e+00
  1.150600e+00    0.000000e+00
  1.150900e+00    0.000000e+00
  1.151300e+00    0.000000e+00
  1.151700e+00    0.000000e+00
  1.152000e+00    0.000000e+00
  1.152400e+00    0.000000e+00
  1.152700e+00    0.000000e+00
  1.153100e+00    0.000000e+00
  1.153500e+00    0.000000e+00
  1.153800e+00    0.000000e+00
  1.154200e+00    0.000000e+00
  1.154600e+00    0.000000e+00
  1.154900e+00    0.000000e+00
  1.155300e+00    0.000000e+00
  1.155700e+00    0.000000e+00
  1.156000e+00    0.000000e+00
  1.156400e+00    0.000000e+00
  1.156800e+00    0.000000e+00
  1.157100e+00    0.000000e+00
  1.157500e+00    0.000000e+00
  1.157900e+00    0.000000e+00
  1.158200e+00    0.000000e+00
  1.158600e+00    0.000000e+00
  1.159000e+00    0.000000e+00
  1.159300e+00    0.000000e+00
  1.159700e+00    0.000000e+00
  1.160100e+00    0.000000e+00
  1.160400e+00    0.000000e+00
  1.160800e+00    0.000000e+00
  1.161200e+00    0.000000e+00
  1.161500e+00    0.000000e+00
  1.161900e+00    0.000000e+00
  1.162300e+00    0.000000e+00
  1.162600e+00    0.000000e+00
  1.163000e+00    0.000000e+00
  1.163400e+00    0.000000e+00
  1.163700e+00    0.000000e+00
  1.164100e+00    0.000000e+00
  1.164500e+00    0.000000e+00
  1.164800e+00    0.000000e+00
  1.165200e+00    0.000000e+00
  1.165600e+00    0.000000e+00
  1.165900e+00    0.000000e+00
  1.166300e+00    0.000000e+00
  1.166700e+00    0.000000e+00
  1.167000e+00    0.000000e+00
  1.167400e+00    0.000000e+00
  1.167800e+00    0.000000e+00
  1.168100e+00    0.000000e+00
  1.168500e+00    0.000000e+00
  1.168900e+00    0.000000e+00
  1.169200e+00    0.000000e+00
  1.169600e+00    0.000000e+00
  1.170000e+00    0.000000e+00
  1.170300e+00    0.000000e+00
  1.170700e+00    0.000000e+00
  1.171100e+00    0.000000e+00
  1.171400e+00    0.000000e+00
  1.171800e+00    0.000000e+00
  1.172200e+00    0.000000e+00
  1.172500e+00    0.000000e+00
  1.172900e+00    0.000000e+00
  1.173300e+00    0.000000e+00
  1.173600e+00    0.000000e+00
  1.174000e+00    0.000000e+00
  1.174400e+00    0.000000e+00
  1.174700e+00    0.000000e+00
  1.175100e+00    0.000000e+00
  1.175500e+00    0.000000e+00
  1.175800e+00    0.000000e+00
  1.176200e+00    0.000000e+00
  1.176600e+00    0.000000e+00
  1.176900e+00    0.000000e+00
  1.177300e+00    0.000000e+00
  1.177700e+00    0.000000e+00
  1.178000e+00    0.000000e+00
  1.178400e+00    0.000000e+00
  1.178800e+00    0.000000e+00
  1.179100e+00    0.000000e+00
  1.179500e+00    0.000000e+00
  1.179900e+00    0.000000e+00
  1.180200e+00    0.000000e+00
  1.180600e+00    0.000000e+00
  1.181000e+00    0.000000e+00
  1.181300e+00    0.000000e+00
  1.181700e+00    0.000000e+00
  1.182100e+00    0.000000e+00
  1.182400e+00    0.000000e+00
  1.182800e+00    0.000000e+00
  1.183200e+00    0.000000e+00
  1.183500e+00    0.000000e+00
  1.183900e+00    0.000000e+00
  1.184300e+00    0.000000e+00
  1.184600e+00    0.000000e+00
  1.185000e+00    0.000000e+00
  1.185400e+00    0.000000e+00
  1.185700e+00    0.000000e+00
  1.186100e+00    0.000000e+00
  1.186400e+00    0.000000e+00
  1.186800e+00    0.000000e+00
  1.187200e+00    0.000000e+00
  1.187500e+00    0.000000e+00
  1.187900e+00    0.000000e+00
  1.188300e+00    0.000000e+00
  1.188600e+00    0.000000e+00
  1.189000e+00    0.000000e+00
  1.189400e+00    0.000000e+00
  1.189700e+00    0.000000e+00
  1.190100e+00    0.000000e+00
  1.190500e+00    0.000000e+00
  1.190800e+00    0.000000e+00
  1.191200e+00    0.000000e+00
  1.191600e+00    0.000000e+00
  1.191900e+00    0.000000e+00
  1.192300e+00    0.000000e+00
  1.192700e+00    0.000000e+00
  1.193000e+00    0.000000e+00
  1.193400e+00    0.000000e+00
  1.193800e+00    0.000000e+00
  1.194100e+00    0.000000e+00
  1.194500e+00    0.000000e+00
  1.194900e+00    0.000000e+00
  1.195200e+00    0.000000e+00
  1.195600e+00    0.000000e+00
  1.196000e+00    0.000000e+00
  1.196300e+00    0.000000e+00
  1.196700e+00    0.000000e+00
  1.197100e+00    0.000000e+00
  1.197400e+00    0.000000e+00
  1.197800e+00    0.000000e+00
  1.198200e+00    0.000000e+00
  1.198500e+00    0.000000e+00
  1.198900e+00    0.000000e+00
  1.199300e+00    0.000000e+00
  1.199600e+00    0.000000e+00
  1.200000e+00    0.000000e+00
  1.200400e+00    0.000000e+00
  1.200700e+00    0.000000e+00
  1.201100e+00    0.000000e+00
  1.201500e+00    0.000000e+00
  1.201800e+00    0.000000e+00
  1.202200e+00    0.000000e+00
  1.202600e+00    0.000000e+00
  1.202900e+00    0.000000e+00
  1.203300e+00    0.000000e+00
  1.203700e+00    0.000000e+00
  1.204000e+00    0.000000e+00
  1.204400e+00    0.000000e+00
  1.204800e+00    0.000000e+00
  1.205100e+00    0.000000e+00
  1.205500e+00    0.000000e+00
  1.205900e+00    0.000000e+00
  1.206200e+00    0.000000e+00
  1.206600e+00    0.000000e+00
  1.207000e+00    0.000000e+00
  1.207300e+00    0.000000e+00
  1.207700e+00    0.000000e+00
  1.208100e+00    0.000000e+00
  1.208400e+00    0.000000e+00
  1.208800e+00    0.000000e+00
  1.209200e+00    0.000000e+00
  1.209500e+00    0.000000e+00
  1.209900e+00    0.000000e+00
  1.210300e+00    0.000000e+00
  1.210600e+00    0.000000e+00
  1.211000e+00    0.000000e+00
  1.211400e+00    0.000000e+00
  1.211700e+00    0.000000e+00
  1.212100e+00    0.000000e+00
  1.212500e+00    0.000000e+00
  1.212800e+00    0.000000e+00
  1.213200e+00    0.000000e+00
  1.213600e+00    0.000000e+00
  1.213900e+00    0.000000e+00
  1.214300e+00    0.000000e+00
  1.214700e+00    0.000000e+00
  1.215000e+00    0.000000e+00
  1.215400e+00    0.000000e+00
  1.215800e+00    0.000000e+00
  1.216100e+00    0.000000e+00
  1.216500e+00    0.000000e+00
  1.216900e+00    0.000000e+00
  1.217200e+00    0.000000e+00
  1.217600e+00    0.000000e+00
  1.218000e+00    0.000000e+00
  1.218300e+00    0.000000e+00
  1.218700e+00    0.000000e+00
  1.219000e+00    0.000000e+00
  1.219400e+00    0.000000e+00
  1.219800e+00    0.000000e+00
  1.220100e+00    0.000000e+00
  1.220500e+00    0.000000e+00
  1.220900e+00    0.000000e+00
  1.221200e+00    0.000000e+00
  1.221600e+00    0.000000e+00
  1.222000e+00    0.000000e+00
  1.222300e+00    0.000000e+00
  1.222700e+00    0.000000e+00
  1.223100e+00    0.000000e+00
  1.223400e+00    0.000000e+00
  1.223800e+00    0.000000e+00
  1.224200e+00    0.000000e+00
  1.224500e+00    0.000000e+00
  1.224900e+00    0.000000e+00
  1.225300e+00    0.000000e+00
  1.225600e+00    0.000000e+00
  1.226000e+00    0.000000e+00
  1.226400e+00    0.000000e+00
  1.226700e+00    0.000000e+00
  1.227100e+00    0.000000e+00
  1.227500e+00    0.000000e+00
  1.227800e+00    0.000000e+00
  1.228200e+00    0.000000e+00
  1.228600e+00    0.000000e+00
  1.228900e+00    0.000000e+00
  1.229300e+00    0.000000e+00
  1.229700e+00    0.000000e+00
  1.230000e+00    0.000000e+00
  1.230400e+00    0.000000e+00
  1.230800e+00    0.000000e+00
  1.231100e+00    0.000000e+00
  1.231500e+00    0.000000e+00
  1.231900e+00    0.000000e+00
  1.232200e+00    0.000000e+00
  1.232600e+00    0.000000e+00
  1.233000e+00    0.000000e+00
  1.233300e+00    0.000000e+00
  1.233700e+00    0.000000e+00
  1.234100e+00    0.000000e+00
  1.234400e+00    0.000000e+00
  1.234800e+00    0.000000e+00
  1.235200e+00    0.000000e+00
  1.235500e+00    0.000000e+00
  1.235900e+00    0.000000e+00
  1.236300e+00    0.000000e+00
  1.236600e+00    0.000000e+00
  1.237000e+00    0.000000e+00
  1.237400e+00    0.000000e+00
  1.237700e+00    0.000000e+00
  1.238100e+00    0.000000e+00
  1.238500e+00    0.000000e+00
  1.238800e+00    0.000000e+00
  1.239200e+00    0.000000e+00
  1.239600e+00    0.000000e+00
  1.239900e+00    0.000000e+00
  1.240300e+00    0.000000e+00
  1.240700e+00    0.000000e+00
  1.241000e+00    0.000000e+00
  1.241400e+00    0.000000e+00
  1.241800e+00    0.000000e+00
  1.242100e+00    0.000000e+00
  1.242500e+00    0.000000e+00
  1.242900e+00    0.000000e+00
  1.243200e+00    0.000000e+00
  1.243600e+00    0.000000e+00
  1.244000e+00    0.000000e+00
  1.244300e+00    0.000000e+00
  1.244700e+00    0.000000e+00
  1.245100e+00    0.000000e+00
  1.245400e+00    0.000000e+00
  1.245800e+00    0.000000e+00
  1.246200e+00    0.000000e+00
  1.246500e+00    0.000000e+00
  1.246900e+00    0.000000e+00
  1.247300e+00    0.000000e+00
  1.247600e+00    0.000000e+00
  1.248000e+00    0.000000e+00
  1.248400e+00    0.000000e+00
  1.248700e+00    0.000000e+00
  1.249100e+00    0.000000e+00
  1.249500e+00    0.000000e+00
  1.249800e+00    0.000000e+00
  1.250200e+00    0.000000e+00
  1.250600e+00    0.000000e+00
  1.250900e+00    0.000000e+00
  1.251300e+00    0.000000e+00
  1.251700e+00    0.000000e+00
  1.252000e+00    0.000000e+00
  1.252400e+00    0.000000e+00
  1.252700e+00    0.000000e+00
  1.253100e+00    0.000000e+00
  1.253500e+00    0.000000e+00
  1.253800e+00    0.000000e+00
  1.254200e+00    0.000000e+00
  1.254600e+00    0.000000e+00
  1.254900e+00    0.000000e+00
  1.255300e+00    0.000000e+00
  1.255700e+00    0.000000e+00
  1.256000e+00    0.000000e+00
  1.256400e+00    0.000000e+00
  1.256800e+00    0.000000e+00
  1.257100e+00    0.000000e+00
  1.257500e+00    0.000000e+00
  1.257900e+00    0.000000e+00
  1.258200e+00    0.000000e+00
  1.258600e+00    0.000000e+00
  1.259000e+00    0.000000e+00
  1.259300e+00    0.000000e+00
  1.259700e+00    0.000000e+00
  1.260100e+00    0.000000e+00
  1.260400e+00    0.000000e+00
  1.260800e+00    0.000000e+00
  1.261200e+00    0.000000e+00
  1.261500e+00    0.000000e+00
  1.261900e+00    0.000000e+00
  1.262300e+00    0.000000e+00
  1.262600e+00    0.000000e+00
  1.263000e+00    0.000000e+00
  1.263400e+00    0.000000e+00
  1.263700e+00    0.000000e+00
  1.264100e+00    0.000000e+00
  1.264500e+00    0.000000e+00
  1.264800e+00    0.000000e+00
  1.265200e+00    0.000000e+00
  1.265600e+00    0.000000e+00
  1.265900e+00    0.000000e+00
  1.266300e+00    0.000000e+00
  1.266700e+00    0.000000e+00
  1.267000e+00    0.000000e+00
  1.267400e+00    0.000000e+00
  1.267800e+00    0.000000e+00
  1.268100e+00    0.000000e+00
  1.268500e+00    0.000000e+00
  1.268900e+00    0.000000e+00
  1.269200e+00    0.000000e+00
  1.269600e+00    0.000000e+00
  1.270000e+00    0.000000e+00
  1.270300e+00    0.000000e+00
  1.270700e+00    0.000000e+00
  1.271100e+00    0.000000e+00
  1.271400e+00    0.000000e+00
  1.271800e+00    0.000000e+00
  1.272200e+00    0.000000e+00
  1.272500e+00    0.000000e+00
  1.272900e+00    0.000000e+00
  1.273300e+00    0.000000e+00
  1.273600e+00    0.000000e+00
  1.274000e+00    0.000000e+00
  1.274400e+00    0.000000e+00
  1.274700e+00    0.000000e+00
  1.275100e+00    0.000000e+00
  1.275500e+00    0.000000e+00
  1.275800e+00    0.000000e+00
  1.276200e+00    0.000000e+00
  1.276600e+00    0.000000e+00
  1.276900e+00    0.000000e+00
  1.277300e+00    0.000000e+00
  1.277700e+00    0.000000e+00
  1.278000e+00    0.000000e+00
  1.278400e+00    0.000000e+00
  1.278800e+00    0.000000e+00
  1.279100e+00    0.000000e+00
  1.279500e+00    0.000000e+00
  1.279900e+00    0.000000e+00
  1.280200e+00    0.000000e+00
  1.280600e+00    0.000000e+00
  1.281000e+00    0.000000e+00
  1.281300e+00    0.000000e+00
  1.281700e+00    0.000000e+00
  1.282100e+00    0.000000e+00
  1.282400e+00    0.000000e+00
  1.282800e+00    0.000000e+00
  1.283200e+00    0.000000e+00
  1.283500e+00    0.000000e+00
  1.283900e+00    0.000000e+00
  1.284300e+00    0.000000e+00
  1.284600e+00    0.000000e+00
  1.285000e+00    0.000000e+00
  1.285300e+00    0.000000e+00
  1.285700e+00    0.000000e+00
  1.286100e+00    0.000000e+00
  1.286400e+00    0.000000e+00
  1.286800e+00    0.000000e+00
  1.287200e+00    0.000000e+00
  1.287500e+00    0.000000e+00
  1.287900e+00    0.000000e+00
  1.288300e+00    0.000000e+00
  1.288600e+00    0.000000e+00
  1.289000e+00    0.000000e+00
  1.289400e+00    0.000000e+00
  1.289700e+00    0.000000e+00
  1.290100e+00    0.000000e+00
  1.290500e+00    0.000000e+00
  1.290800e+00    0.000000e+00
  1.291200e+00    0.000000e+00
  1.291600e+00    0.000000e+00
  1.291900e+00    0.000000e+00
  1.292300e+00    0.000000e+00
  1.292700e+00    0.000000e+00
  1.293000e+00    0.000000e+00
  1.293400e+00    0.000000e+00
  1.293800e+00    0.000000e+00
  1.294100e+00    0.000000e+00
  1.294500e+00    0.000000e+00
  1.294900e+00    0.000000e+00
  1.295200e+00    0.000000e+00
  1.295600e+00    0.000000e+00
  1.296000e+00    0.000000e+00
  1.296300e+00    0.000000e+00
  1.296700e+00    0.000000e+00
  1.297100e+00    0.000000e+00
  1.297400e+00    0.000000e+00
  1.297800e+00    0.000000e+00
  1.298200e+00    0.000000e+00
  1.298500e+00    0.000000e+00
  1.298900e+00    0.000000e+00
  1.299300e+00    0.000000e+00
  1.299600e+00    0.000000e+00
  1.300000e+00    0.000000e+00
  1.300400e+00    0.000000e+00
  1.300700e+00    0.000000e+00
  1.301100e+00    0.000000e+00
  1.301500e+00    0.000000e+00
  1.301800e+00    0.000000e+00
  1.302200e+00    0.000000e+00
  1.302600e+00    0.000000e+00
  1.302900e+00    0.000000e+00
  1.303300e+00    0.000000e+00
  1.303700e+00    0.000000e+00
  1.304000e+00    0.000000e+00
  1.304400e+00    0.000000e+00
  1.304800e+00    0.000000e+00
  1.305100e+00    0.000000e+00
  1.305500e+00    0.000000e+00
  1.305900e+00    0.000000e+00
  1.306200e+00    0.000000e+00
  1.306600e+00    0.000000e+00
  1.307000e+00    0.000000e+00
  1.307300e+00    0.000000e+00
  1.307700e+00    0.000000e+00
  1.308100e+00    0.000000e+00
  1.308400e+00    0.000000e+00
  1.308800e+00    0.000000e+00
  1.309200e+00    0.000000e+00
  1.309500e+00    0.000000e+00
  1.309900e+00    0.000000e+00
  1.310300e+00    0.000000e+00
  1.310600e+00    0.000000e+00
  1.311000e+00    0.000000e+00
  1.311400e+00    0.000000e+00
  1.311700e+00    0.000000e+00
  1.312100e+00    0.000000e+00
  1.312500e+00    0.000000e+00
  1.312800e+00    0.000000e+00
  1.313200e+00    0.000000e+00
  1.313600e+00    0.000000e+00
  1.313900e+00    0.000000e+00
  1.314300e+00    0.000000e+00
  1.314700e+00    0.000000e+00
  1.315000e+00    0.000000e+00
  1.315400e+00    0.000000e+00
  1.315800e+00    0.000000e+00
  1.316100e+00    0.000000e+00
  1.316500e+00    0.000000e+00
  1.316900e+00    0.000000e+00
  1.317200e+00    0.000000e+00
  1.317600e+00    0.000000e+00
  1.317900e+00    0.000000e+00
  1.318300e+00    0.000000e+00
  1.318700e+00    0.000000e+00
  1.319000e+00    0.000000e+00
  1.319400e+00    0.000000e+00
  1.319800e+00    0.000000e+00
  1.320100e+00    0.000000e+00
  1.320500e+00    0.000000e+00
  1.320900e+00    0.000000e+00
  1.321200e+00    0.000000e+00
  1.321600e+00    0.000000e+00
  1.322000e+00    0.000000e+00
  1.322300e+00    0.000000e+00
  1.322700e+00    0.000000e+00
  1.323100e+00    0.000000e+00
  1.323400e+00    0.000000e+00
  1.323800e+00    0.000000e+00
  1.324200e+00    0.000000e+00
  1.324500e+00    0.000000e+00
  1.324900e+00    0.000000e+00
  1.325300e+00    0.000000e+00
  1.325600e+00    0.000000e+00
  1.326000e+00    0.000000e+00
  1.326400e+00    0.000000e+00
  1.326700e+00    0.000000e+00
  1.327100e+00    0.000000e+00
  1.327500e+00    0.000000e+00
  1.327800e+00    0.000000e+00
  1.328200e+00    0.000000e+00
  1.328600e+00    0.000000e+00
  1.328900e+00    0.000000e+00
  1.329300e+00    0.000000e+00
  1.329700e+00    0.000000e+00
  1.330000e+00    0.000000e+00
  1.330400e+00    0.000000e+00
  1.330800e+00    0.000000e+00
  1.331100e+00    0.000000e+00
  1.331500e+00    0.000000e+00
  1.331900e+00    0.000000e+00
  1.332200e+00    0.000000e+00
  1.332600e+00    0.000000e+00
  1.333000e+00    0.000000e+00
  1.333300e+00    0.000000e+00
  1.333700e+00    0.000000e+00
  1.334100e+00    0.000000e+00
  1.334400e+00    0.000000e+00
  1.334800e+00    0.000000e+00
  1.335200e+00    0.000000e+00
  1.335500e+00    0.000000e+00
  1.335900e+00    0.000000e+00
  1.336300e+00    0.000000e+00
  1.336600e+00    0.000000e+00
  1.337000e+00    0.000000e+00
  1.337400e+00    0.000000e+00
  1.337700e+00    0.000000e+00
  1.338100e+00    0.000000e+00
  1.338500e+00    0.000000e+00
  1.338800e+00    0.000000e+00
  1.339200e+00    0.000000e+00
  1.339600e+00    0.000000e+00
  1.339900e+00    0.000000e+00
  1.340300e+00    0.000000e+00
  1.340700e+00    0.000000e+00
  1.341000e+00    0.000000e+00
  1.341400e+00    0.000000e+00
  1.341800e+00    0.000000e+00
  1.342100e+00    0.000000e+00
  1.342500e+00    0.000000e+00
  1.342900e+00    0.000000e+00
  1.343200e+00    0.000000e+00
  1.343600e+00    0.000000e+00
  1.344000e+00    0.000000e+00
  1.344300e+00    0.000000e+00
  1.344700e+00    0.000000e+00
  1.345100e+00    0.000000e+00
  1.345400e+00    0.000000e+00
  1.345800e+00    0.000000e+00
  1.346200e+00    0.000000e+00
  1.346500e+00    0.000000e+00
  1.346900e+00    0.000000e+00
  1.347300e+00    0.000000e+00
  1.347600e+00    0.000000e+00
  1.348000e+00    0.000000e+00
  1.348400e+00    0.000000e+00
  1.348700e+00    0.000000e+00
  1.349100e+00    0.000000e+00
  1.349500e+00    0.000000e+00
  1.349800e+00    0.000000e+00
  1.350200e+00    0.000000e+00
  1.350600e+00    0.000000e+00
  1.350900e+00    0.000000e+00
  1.351300e+00    0.000000e+00
  1.351600e+00    0.000000e+00
  1.352000e+00    0.000000e+00
  1.352400e+00    0.000000e+00
  1.352700e+00    0.000000e+00
  1.353100e+00    0.000000e+00
  1.353500e+00    0.000000e+00
  1.353800e+00    0.000000e+00
  1.354200e+00    0.000000e+00
  1.354600e+00    0.000000e+00
  1.354900e+00    0.000000e+00
  1.355300e+00    0.000000e+00
  1.355700e+00    0.000000e+00
  1.356000e+00    0.000000e+00
  1.356400e+00    0.000000e+00
  1.356800e+00    0.000000e+00
  1.357100e+00    0.000000e+00
  1.357500e+00    0.000000e+00
  1.357900e+00    0.000000e+00
  1.358200e+00    0.000000e+00
  1.358600e+00    0.000000e+00
  1.359000e+00    0.000000e+00
  1.359300e+00    0.000000e+00
  1.359700e+00    0.000000e+00
  1.360100e+00    0.000000e+00
  1.360400e+00    0.000000e+00
  1.360800e+00    0.000000e+00
  1.361200e+00    0.000000e+00
  1.361500e+00    0.000000e+00
  1.361900e+00    0.000000e+00
  1.362300e+00    0.000000e+00
  1.362600e+00    0.000000e+00
  1.363000e+00    0.000000e+00
  1.363400e+00    0.000000e+00
  1.363700e+00    0.000000e+00
  1.364100e+00    0.000000e+00
  1.364500e+00    0.000000e+00
  1.364800e+00    0.000000e+00
  1.365200e+00    0.000000e+00
  1.365600e+00    0.000000e+00
  1.365900e+00    0.000000e+00
  1.366300e+00    0.000000e+00
  1.366700e+00    0.000000e+00
  1.367000e+00    0.000000e+00
  1.367400e+00    0.000000e+00
  1.367800e+00    0.000000e+00
  1.368100e+00    0.000000e+00
  1.368500e+00    0.000000e+00
  1.368900e+00    0.000000e+00
  1.369200e+00    0.000000e+00
  1.369600e+00    0.000000e+00
  1.370000e+00    0.000000e+00
  1.370300e+00    0.000000e+00
  1.370700e+00    0.000000e+00
  1.371100e+00    0.000000e+00
  1.371400e+00    0.000000e+00
  1.371800e+00    0.000000e+00
  1.372200e+00    0.000000e+00
  1.372500e+00    0.000000e+00
  1.372900e+00    0.000000e+00
  1.373300e+00    0.000000e+00
  1.373600e+00    0.000000e+00
  1.374000e+00    0.000000e+00
  1.374400e+00    0.000000e+00
  1.374700e+00    0.000000e+00
  1.375100e+00    0.000000e+00
  1.375500e+00    0.000000e+00
  1.375800e+00    0.000000e+00
  1.376200e+00    0.000000e+00
  1.376600e+00    0.000000e+00
  1.376900e+00    0.000000e+00
  1.377300e+00    0.000000e+00
  1.377700e+00    0.000000e+00
  1.378000e+00    0.000000e+00
  1.378400e+00    0.000000e+00
  1.378800e+00    0.000000e+00
  1.379100e+00    0.000000e+00
  1.379500e+00    0.000000e+00
  1.379900e+00    0.000000e+00
  1.380200e+00    0.000000e+00
  1.380600e+00    0.000000e+00
  1.381000e+00    0.000000e+00
  1.381300e+00    0.000000e+00
  1.381700e+00    0.000000e+00
  1.382100e+00    0.000000e+00
  1.382400e+00    0.000000e+00
  1.382800e+00    0.000000e+00
  1.383200e+00    0.000000e+00
  1.383500e+00    0.000000e+00
  1.383900e+00    0.000000e+00
  1.384200e+00    0.000000e+00
  1.384600e+00    0.000000e+00
  1.385000e+00    0.000000e+00
  1.385300e+00    0.000000e+00
  1.385700e+00    0.000000e+00
  1.386100e+00    0.000000e+00
  1.386400e+00    0.000000e+00
  1.386800e+00    0.000000e+00
  1.387200e+00    0.000000e+00
  1.387500e+00    0.000000e+00
  1.387900e+00    0.000000e+00
  1.388300e+00    0.000000e+00
  1.388600e+00    0.000000e+00
  1.389000e+00    0.000000e+00
  1.389400e+00    0.000000e+00
  1.389700e+00    0.000000e+00
  1.390100e+00    0.000000e+00
  1.390500e+00    0.000000e+00
  1.390800e+00    0.000000e+00
  1.391200e+00    0.000000e+00
  1.391600e+00    0.000000e+00
  1.391900e+00    0.000000e+00
  1.392300e+00    0.000000e+00
  1.392700e+00    0.000000e+00
  1.393000e+00    0.000000e+00
  1.393400e+00    0.000000e+00
  1.393800e+00    0.000000e+00
  1.394100e+00    0.000000e+00
  1.394500e+00    0.000000e+00
  1.394900e+00    0.000000e+00
  1.395200e+00    0.000000e+00
  1.395600e+00    0.000000e+00
  1.396000e+00    0.000000e+00
  1.396300e+00    0.000000e+00
  1.396700e+00    0.000000e+00
  1.397100e+00    0.000000e+00
  1.397400e+00    0.000000e+00
  1.397800e+00    0.000000e+00
  1.398200e+00    0.000000e+00
  1.398500e+00    0.000000e+00
  1.398900e+00    0.000000e+00
  1.399300e+00    0.000000e+00
  1.399600e+00    0.000000e+00
  1.400000e+00    0.000000e+00
  1.400400e+00    0.000000e+00
  1.400700e+00    0.000000e+00
  1.401100e+00    0.000000e+00
  1.401500e+00    0.000000e+00
  1.401800e+00    0.000000e+00
  1.402200e+00    0.000000e+00
  1.402600e+00    0.000000e+00
  1.402900e+00    0.000000e+00
  1.403300e+00    0.000000e+00
  1.403700e+00    0.000000e+00
  1.404000e+00    0.000000e+00
  1.404400e+00    0.000000e+00
  1.404800e+00    0.000000e+00
  1.405100e+00    0.000000e+00
  1.405500e+00    0.000000e+00
  1.405900e+00    0.000000e+00
  1.406200e+00    0.000000e+00
  1.406600e+00    0.000000e+00
  1.407000e+00    0.000000e+00
  1.407300e+00    0.000000e+00
  1.407700e+00    0.000000e+00
  1.408100e+00    0.000000e+00
  1.408400e+00    0.000000e+00
  1.408800e+00    0.000000e+00
  1.409200e+00    0.000000e+00
  1.409500e+00    0.000000e+00
  1.409900e+00    0.000000e+00
  1.410300e+00    0.000000e+00
  1.410600e+00    0.000000e+00
  1.411000e+00    0.000000e+00
  1.411400e+00    0.000000e+00
  1.411700e+00    0.000000e+00
  1.412100e+00    0.000000e+00
  1.412500e+00    0.000000e+00
  1.412800e+00    0.000000e+00
  1.413200e+00    0.000000e+00
  1.413600e+00    0.000000e+00
  1.413900e+00    0.000000e+00
  1.414300e+00    0.000000e+00
  1.414700e+00    0.000000e+00
  1.415000e+00    0.000000e+00
  1.415400e+00    0.000000e+00
  1.415800e+00    0.000000e+00
  1.416100e+00    0.000000e+00
  1.416500e+00    0.000000e+00
  1.416900e+00    0.000000e+00
  1.417200e+00    0.000000e+00
  1.417600e+00    0.000000e+00
  1.417900e+00    0.000000e+00
  1.418300e+00    0.000000e+00
  1.418700e+00    0.000000e+00
  1.419000e+00    0.000000e+00
  1.419400e+00    0.000000e+00
  1.419800e+00    0.000000e+00
  1.420100e+00    0.000000e+00
  1.420500e+00    0.000000e+00
  1.420900e+00    0.000000e+00
  1.421200e+00    0.000000e+00
  1.421600e+00    0.000000e+00
  1.422000e+00    0.000000e+00
  1.422300e+00    0.000000e+00
  1.422700e+00    0.000000e+00
  1.423100e+00    0.000000e+00
  1.423400e+00    0.000000e+00
  1.423800e+00    0.000000e+00
  1.424200e+00    0.000000e+00
  1.424500e+00    0.000000e+00
  1.424900e+00    0.000000e+00
  1.425300e+00    0.000000e+00
  1.425600e+00    0.000000e+00
  1.426000e+00    0.000000e+00
  1.426400e+00    0.000000e+00
  1.426700e+00    0.000000e+00
  1.427100e+00    0.000000e+00
  1.427500e+00    0.000000e+00
  1.427800e+00    0.000000e+00
  1.428200e+00    0.000000e+00
  1.428600e+00    0.000000e+00
  1.428900e+00    0.000000e+00
  1.429300e+00    0.000000e+00
  1.429700e+00    0.000000e+00
  1.430000e+00    0.000000e+00
  1.430400e+00    0.000000e+00
  1.430800e+00    0.000000e+00
  1.431100e+00    0.000000e+00
  1.431500e+00    0.000000e+00
  1.431900e+00    0.000000e+00
  1.432200e+00    0.000000e+00
  1.432600e+00    0.000000e+00
  1.433000e+00    0.000000e+00
  1.433300e+00    0.000000e+00
  1.433700e+00    0.000000e+00
  1.434100e+00    0.000000e+00
  1.434400e+00    0.000000e+00
  1.434800e+00    0.000000e+00
  1.435200e+00    0.000000e+00
  1.435500e+00    0.000000e+00
  1.435900e+00    0.000000e+00
  1.436300e+00    0.000000e+00
  1.436600e+00    0.000000e+00
  1.437000e+00    0.000000e+00
  1.437400e+00    0.000000e+00
  1.437700e+00    0.000000e+00
  1.438100e+00    0.000000e+00
  1.438500e+00    0.000000e+00
  1.438800e+00    0.000000e+00
  1.439200e+00    0.000000e+00
  1.439600e+00    0.000000e+00
  1.439900e+00    0.000000e+00
  1.440300e+00    0.000000e+00
  1.440700e+00    0.000000e+00
  1.441000e+00    0.000000e+00
  1.441400e+00    0.000000e+00
  1.441800e+00    0.000000e+00
  1.442100e+00    0.000000e+00
  1.442500e+00    0.000000e+00
  1.442900e+00    0.000000e+00
  1.443200e+00    0.000000e+00
  1.443600e+00    0.000000e+00
  1.444000e+00    0.000000e+00
  1.444300e+00    0.000000e+00
  1.444700e+00    0.000000e+00
  1.445100e+00    0.000000e+00
  1.445400e+00    0.000000e+00
  1.445800e+00    0.000000e+00
  1.446200e+00    0.000000e+00
  1.446500e+00    0.000000e+00
  1.446900e+00    0.000000e+00
  1.447300e+00    0.000000e+00
  1.447600e+00    0.000000e+00
  1.448000e+00    0.000000e+00
  1.448400e+00    0.000000e+00
  1.448700e+00    0.000000e+00
  1.449100e+00    0.000000e+00
  1.449500e+00    0.000000e+00
  1.449800e+00    0.000000e+00
  1.450200e+00    0.000000e+00
  1.450500e+00    0.000000e+00
  1.450900e+00    0.000000e+00
  1.451300e+00    0.000000e+00
  1.451600e+00    0.000000e+00
  1.452000e+00    0.000000e+00
  1.452400e+00    0.000000e+00
  1.452700e+00    0.000000e+00
  1.453100e+00    0.000000e+00
  1.453500e+00    0.000000e+00
  1.453800e+00    0.000000e+00
  1.454200e+00    0.000000e+00
  1.454600e+00    0.000000e+00
  1.454900e+00    0.000000e+00
  1.455300e+00    0.000000e+00
  1.455700e+00    0.000000e+00
  1.456000e+00    0.000000e+00
  1.456400e+00    0.000000e+00
  1.456800e+00    0.000000e+00
  1.457100e+00    0.000000e+00
  1.457500e+00    0.000000e+00
  1.457900e+00    0.000000e+00
  1.458200e+00    0.000000e+00
  1.458600e+00    0.000000e+00
  1.459000e+00    0.000000e+00
  1.459300e+00    0.000000e+00
  1.459700e+00    0.000000e+00
  1.460100e+00    0.000000e+00
  1.460400e+00    0.000000e+00
  1.460800e+00    0.000000e+00
  1.461200e+00    0.000000e+00
  1.461500e+00    0.000000e+00
  1.461900e+00    0.000000e+00
  1.462300e+00    0.000000e+00
  1.462600e+00    0.000000e+00
  1.463000e+00    0.000000e+00
  1.463400e+00    0.000000e+00
  1.463700e+00    0.000000e+00
  1.464100e+00    0.000000e+00
  1.464500e+00    0.000000e+00
  1.464800e+00    0.000000e+00
  1.465200e+00    0.000000e+00
  1.465600e+00    0.000000e+00
  1.465900e+00    0.000000e+00
  1.466300e+00    0.000000e+00
  1.466700e+00    0.000000e+00
  1.467000e+00    0.000000e+00
  1.467400e+00    0.000000e+00
  1.467800e+00    0.000000e+00
  1.468100e+00    0.000000e+00
  1.468500e+00    0.000000e+00
  1.468900e+00    0.000000e+00
  1.469200e+00    0.000000e+00
  1.469600e+00    0.000000e+00
  1.470000e+00    0.000000e+00
  1.470300e+00    0.000000e+00
  1.470700e+00    0.000000e+00
  1.471100e+00    0.000000e+00
  1.471400e+00    0.000000e+00
  1.471800e+00    0.000000e+00
  1.472200e+00    0.000000e+00
  1.472500e+00    0.000000e+00
  1.472900e+00    0.000000e+00
  1.473300e+00    0.000000e+00
  1.473600e+00    0.000000e+00
  1.474000e+00    0.000000e+00
  1.474400e+00    0.000000e+00
  1.474700e+00    0.000000e+00
  1.475100e+00    0.000000e+00
  1.475500e+00    0.000000e+00
  1.475800e+00    0.000000e+00
  1.476200e+00    0.000000e+00
  1.476600e+00    0.000000e+00
  1.476900e+00    0.000000e+00
  1.477300e+00    0.000000e+00
  1.477700e+00    0.000000e+00
  1.478000e+00    0.000000e+00
  1.478400e+00    0.000000e+00
  1.478800e+00    0.000000e+00
  1.479100e+00    0.000000e+00
  1.479500e+00    0.000000e+00
  1.479900e+00    0.000000e+00
  1.480200e+00    0.000000e+00
  1.480600e+00    0.000000e+00
  1.481000e+00    0.000000e+00
  1.481300e+00    0.000000e+00
  1.481700e+00    0.000000e+00
  1.482100e+00    0.000000e+00
  1.482400e+00    0.000000e+00
  1.482800e+00    0.000000e+00
  1.483200e+00    0.000000e+00
  1.483500e+00    0.000000e+00
  1.483900e+00    0.000000e+00
  1.484200e+00    0.000000e+00
  1.484600e+00    0.000000e+00
  1.485000e+00    0.000000e+00
  1.485300e+00    0.000000e+00
  1.485700e+00    0.000000e+00
  1.486100e+00    0.000000e+00
  1.486400e+00    0.000000e+00
  1.486800e+00    0.000000e+00
  1.487200e+00    0.000000e+00
  1.487500e+00    0.000000e+00
  1.487900e+00    0.000000e+00
  1.488300e+00    0.000000e+00
  1.488600e+00    0.000000e+00
  1.489000e+00    0.000000e+00
  1.489400e+00    0.000000e+00
  1.489700e+00    0.000000e+00
  1.490100e+00    0.000000e+00
  1.490500e+00    0.000000e+00
  1.490800e+00    0.000000e+00
  1.491200e+00    0.000000e+00
  1.491600e+00    0.000000e+00
  1.491900e+00    0.000000e+00
  1.492300e+00    0.000000e+00
  1.492700e+00    0.000000e+00
  1.493000e+00    0.000000e+00
  1.493400e+00    0.000000e+00
  1.493800e+00    0.000000e+00
  1.494100e+00    0.000000e+00
  1.494500e+00    0.000000e+00
  1.494900e+00    0.000000e+00
  1.495200e+00    0.000000e+00
  1.495600e+00    0.000000e+00
  1.496000e+00    0.000000e+00
  1.496300e+00    0.000000e+00
  1.496700e+00    0.000000e+00
  1.497100e+00    0.000000e+00
  1.497400e+00    0.000000e+00
  1.497800e+00    0.000000e+00
  1.498200e+00    0.000000e+00
  1.498500e+00    0.000000e+00
  1.498900e+00    0.000000e+00
  1.499300e+00    0.000000e+00
  1.499600e+00    0.000000e+00
  1.500000e+00    0.000000e+00
